jL,cL,c,fsourceL,fsource,fsinkL,fsink,ftypeL,ftype,scL,sc,pscL,psc,exmL,exm
CO,Change in Ground Water Storage,http://purl.org/iow/WaterBudgetingFramework#ChangeInGroundWaterStorage-CO,NA,NA,NA,NA,Storage Change,http://purl.org/iow/WaterBudgetingFramework#StorageChange,NA,NA,NA,NA,NA,NA
CO,Change in Surface Water Storage,http://purl.org/iow/WaterBudgetingFramework#ChangeInSurfaceWaterStorage-CO,NA,NA,NA,NA,Storage Change,http://purl.org/iow/WaterBudgetingFramework#StorageChange,NA,NA,NA,NA,NA,NA
CO,Crop Consumptive Use,http://purl.org/iow/WaterBudgetingFramework#CropConsumptiveUse-CO,Zone Land System,http://purl.org/iow/WaterBudgetingFramework#ZoneLandSystem,Atmosphere,http://purl.org/iow/WaterBudgetingFramework#Atmosphere,Outflow,http://purl.org/iow/WaterBudgetingFramework#Outflow,NA,NA,NA,NA,NA,NA
CO,Exports,http://purl.org/iow/WaterBudgetingFramework#Exports-CO,Zone Groundwater,http://purl.org/iow/WaterBudgetingFramework#ZoneGroundwater,External Groundwater,http://purl.org/iow/WaterBudgetingFramework#ExternalGroundwater,Outflow,http://purl.org/iow/WaterBudgetingFramework#Outflow,NA,NA,Basin Outflow-UT,http://purl.org/iow/WaterBudgetingFramework#BasinOutflow-UT,NA,NA
CO,Exports,http://purl.org/iow/WaterBudgetingFramework#Exports-CO,Zone Groundwater,http://purl.org/iow/WaterBudgetingFramework#ZoneGroundwater,External Surface Water,http://purl.org/iow/WaterBudgetingFramework#ExternalSurfaceWater,Outflow,http://purl.org/iow/WaterBudgetingFramework#Outflow,NA,NA,Basin Outflow-UT,http://purl.org/iow/WaterBudgetingFramework#BasinOutflow-UT,NA,NA
CO,Exports,http://purl.org/iow/WaterBudgetingFramework#Exports-CO,Zone Surface Water,http://purl.org/iow/WaterBudgetingFramework#ZoneSurfaceWater,External Groundwater,http://purl.org/iow/WaterBudgetingFramework#ExternalGroundwater,Outflow,http://purl.org/iow/WaterBudgetingFramework#Outflow,NA,NA,Basin Outflow-UT,http://purl.org/iow/WaterBudgetingFramework#BasinOutflow-UT,NA,NA
CO,Exports,http://purl.org/iow/WaterBudgetingFramework#Exports-CO,Zone Surface Water,http://purl.org/iow/WaterBudgetingFramework#ZoneSurfaceWater,External Surface Water,http://purl.org/iow/WaterBudgetingFramework#ExternalSurfaceWater,Outflow,http://purl.org/iow/WaterBudgetingFramework#Outflow,NA,NA,Basin Outflow-UT,http://purl.org/iow/WaterBudgetingFramework#BasinOutflow-UT,NA,NA
CO,Gaged Surface Water Inflow,http://purl.org/iow/WaterBudgetingFramework#GagedSurfaceWaterInflow-CO,External Surface Water,http://purl.org/iow/WaterBudgetingFramework#ExternalSurfaceWater,Zone Surface Water,http://purl.org/iow/WaterBudgetingFramework#ZoneSurfaceWater,NA,NA,Basin Inflow-UT,http://purl.org/iow/WaterBudgetingFramework#BasinInflow-UT,NA,NA,NA,NA
CO,Gaged Surface Water Inflow,http://purl.org/iow/WaterBudgetingFramework#GagedSurfaceWaterInflow-CO,External Surface Water,http://purl.org/iow/WaterBudgetingFramework#ExternalSurfaceWater,Zone Surface Water,http://purl.org/iow/WaterBudgetingFramework#ZoneSurfaceWater,NA,NA,River Inflow-UT,http://purl.org/iow/WaterBudgetingFramework#RiverInflow-UT,NA,NA,NA,NA
CO,Gaged Surface Water Outflow,http://purl.org/iow/WaterBudgetingFramework#GagedSurfaceWaterOutflow-CO,Zone Surface Water,http://purl.org/iow/WaterBudgetingFramework#ZoneSurfaceWater,External Surface Water,http://purl.org/iow/WaterBudgetingFramework#ExternalSurfaceWater,Outflow,http://purl.org/iow/WaterBudgetingFramework#Outflow,Basin Outflow-UT,http://purl.org/iow/WaterBudgetingFramework#BasinOutflow-UT,NA,NA,NA,NA
CO,Ground Water Inflow,http://purl.org/iow/WaterBudgetingFramework#GroundWaterInflow-CO,External Groundwater,http://purl.org/iow/WaterBudgetingFramework#ExternalGroundwater,Zone Groundwater,http://purl.org/iow/WaterBudgetingFramework#ZoneGroundwater,Inflow,http://purl.org/iow/WaterBudgetingFramework#Inflow,NA,NA,NA,NA,NA,NA
CO,Ground Water Outflow,http://purl.org/iow/WaterBudgetingFramework#GroundWaterOutflow-CO,Zone Groundwater,http://purl.org/iow/WaterBudgetingFramework#ZoneGroundwater,External Groundwater,http://purl.org/iow/WaterBudgetingFramework#ExternalGroundwater,Outflow,http://purl.org/iow/WaterBudgetingFramework#Outflow,NA,NA,NA,NA,NA,NA
CO,Imports,http://purl.org/iow/WaterBudgetingFramework#Imports-CO,External Groundwater,http://purl.org/iow/WaterBudgetingFramework#ExternalGroundwater,Zone Land System,http://purl.org/iow/WaterBudgetingFramework#ZoneLandSystem,Inflow,http://purl.org/iow/WaterBudgetingFramework#Inflow,NA,NA,Basin Inflow-UT,http://purl.org/iow/WaterBudgetingFramework#BasinInflow-UT,NA,NA
CO,Imports,http://purl.org/iow/WaterBudgetingFramework#Imports-CO,External Surface Water,http://purl.org/iow/WaterBudgetingFramework#ExternalSurfaceWater,Zone Land System,http://purl.org/iow/WaterBudgetingFramework#ZoneLandSystem,Inflow,http://purl.org/iow/WaterBudgetingFramework#Inflow,NA,NA,Basin Inflow-UT,http://purl.org/iow/WaterBudgetingFramework#BasinInflow-UT,NA,NA
CO,Livestock Consumptive Use,http://purl.org/iow/WaterBudgetingFramework#LivestockConsumptiveUse-CO,Zone Groundwater,http://purl.org/iow/WaterBudgetingFramework#ZoneGroundwater,Atmosphere,http://purl.org/iow/WaterBudgetingFramework#Atmosphere,Outflow,http://purl.org/iow/WaterBudgetingFramework#Outflow,NA,NA,Agricultural and Municipal Depletions-UT,http://purl.org/iow/WaterBudgetingFramework#AgriculturalAndMunicipalDepletions-UT,NA,NA
CO,Livestock Consumptive Use,http://purl.org/iow/WaterBudgetingFramework#LivestockConsumptiveUse-CO,Zone Groundwater,http://purl.org/iow/WaterBudgetingFramework#ZoneGroundwater,Atmosphere,http://purl.org/iow/WaterBudgetingFramework#Atmosphere,Outflow,http://purl.org/iow/WaterBudgetingFramework#Outflow,NA,NA,Agricultural Depletions-UT,http://purl.org/iow/WaterBudgetingFramework#AgriculturalDepletions-UT,NA,NA
CO,Livestock Consumptive Use,http://purl.org/iow/WaterBudgetingFramework#LivestockConsumptiveUse-CO,Zone Surface Water,http://purl.org/iow/WaterBudgetingFramework#ZoneSurfaceWater,Atmosphere,http://purl.org/iow/WaterBudgetingFramework#Atmosphere,Outflow,http://purl.org/iow/WaterBudgetingFramework#Outflow,NA,NA,Agricultural and Municipal Depletions-UT,http://purl.org/iow/WaterBudgetingFramework#AgriculturalAndMunicipalDepletions-UT,NA,NA
CO,Livestock Consumptive Use,http://purl.org/iow/WaterBudgetingFramework#LivestockConsumptiveUse-CO,Zone Surface Water,http://purl.org/iow/WaterBudgetingFramework#ZoneSurfaceWater,Atmosphere,http://purl.org/iow/WaterBudgetingFramework#Atmosphere,Outflow,http://purl.org/iow/WaterBudgetingFramework#Outflow,NA,NA,Agricultural Depletions-UT,http://purl.org/iow/WaterBudgetingFramework#AgriculturalDepletions-UT,NA,NA
CO,Municipal and Industrial Consumptive Use,http://purl.org/iow/WaterBudgetingFramework#MunicipalAndIndustrialConsumptiveUse-CO,Zone Groundwater,http://purl.org/iow/WaterBudgetingFramework#ZoneGroundwater,Atmosphere,http://purl.org/iow/WaterBudgetingFramework#Atmosphere,Outflow,http://purl.org/iow/WaterBudgetingFramework#Outflow,NA,NA,NA,NA,NA,NA
CO,Municipal and Industrial Consumptive Use,http://purl.org/iow/WaterBudgetingFramework#MunicipalAndIndustrialConsumptiveUse-CO,Zone Land System,http://purl.org/iow/WaterBudgetingFramework#ZoneLandSystem,Atmosphere,http://purl.org/iow/WaterBudgetingFramework#Atmosphere,Outflow,http://purl.org/iow/WaterBudgetingFramework#Outflow,NA,NA,NA,NA,NA,NA
CO,Native Vegetation Consumptive Use,http://purl.org/iow/WaterBudgetingFramework#NativeVegetationConsumptiveUse-CO,Zone Groundwater,http://purl.org/iow/WaterBudgetingFramework#ZoneGroundwater,Atmosphere,http://purl.org/iow/WaterBudgetingFramework#Atmosphere,Outflow,http://purl.org/iow/WaterBudgetingFramework#Outflow,NA,NA,Natural System Use-UT,http://purl.org/iow/WaterBudgetingFramework#NaturalSystemUse-UT,NA,NA
CO,Native Vegetation Consumptive Use,http://purl.org/iow/WaterBudgetingFramework#NativeVegetationConsumptiveUse-CO,Zone Groundwater,http://purl.org/iow/WaterBudgetingFramework#ZoneGroundwater,Atmosphere,http://purl.org/iow/WaterBudgetingFramework#Atmosphere,Outflow,http://purl.org/iow/WaterBudgetingFramework#Outflow,NA,NA,Riparian Depletions-UT,http://purl.org/iow/WaterBudgetingFramework#RiparianDepletions-UT,NA,NA
CO,Native Vegetation Consumptive Use,http://purl.org/iow/WaterBudgetingFramework#NativeVegetationConsumptiveUse-CO,Zone Land System,http://purl.org/iow/WaterBudgetingFramework#ZoneLandSystem,Atmosphere,http://purl.org/iow/WaterBudgetingFramework#Atmosphere,Outflow,http://purl.org/iow/WaterBudgetingFramework#Outflow,NA,NA,Natural System Use-UT,http://purl.org/iow/WaterBudgetingFramework#NaturalSystemUse-UT,NA,NA
CO,Native Vegetation Consumptive Use,http://purl.org/iow/WaterBudgetingFramework#NativeVegetationConsumptiveUse-CO,Zone Land System,http://purl.org/iow/WaterBudgetingFramework#ZoneLandSystem,Atmosphere,http://purl.org/iow/WaterBudgetingFramework#Atmosphere,Outflow,http://purl.org/iow/WaterBudgetingFramework#Outflow,NA,NA,Riparian Depletions-UT,http://purl.org/iow/WaterBudgetingFramework#RiparianDepletions-UT,NA,NA
CO,Precipitation,http://purl.org/iow/WaterBudgetingFramework#Precipitation-CO,Atmosphere,http://purl.org/iow/WaterBudgetingFramework#Atmosphere,Zone Land System,http://purl.org/iow/WaterBudgetingFramework#ZoneLandSystem,Inflow,http://purl.org/iow/WaterBudgetingFramework#Inflow,NA,NA,NA,NA,NA,NA
CO,Reservoir Evaporation,http://purl.org/iow/WaterBudgetingFramework#ReservoirEvaporation-CO,Zone Surface Water,http://purl.org/iow/WaterBudgetingFramework#ZoneSurfaceWater,Atmosphere,http://purl.org/iow/WaterBudgetingFramework#Atmosphere,Outflow,http://purl.org/iow/WaterBudgetingFramework#Outflow,NA,NA,NA,NA,NA,NA
CO,Ungaged Surface Water Inflow,http://purl.org/iow/WaterBudgetingFramework#UngagedSurfaceWaterInflow-CO,External Surface Water,http://purl.org/iow/WaterBudgetingFramework#ExternalSurfaceWater,Zone Surface Water,http://purl.org/iow/WaterBudgetingFramework#ZoneSurfaceWater,Inflow,http://purl.org/iow/WaterBudgetingFramework#Inflow,River Inflow-UT,http://purl.org/iow/WaterBudgetingFramework#RiverInflow-UT,NA,NA,NA,NA
NM,Commercial,http://purl.org/iow/WaterBudgetingFramework#Commercial-NMOSE,Zone Groundwater,http://purl.org/iow/WaterBudgetingFramework#ZoneGroundwater,Zone Land System,http://purl.org/iow/WaterBudgetingFramework#ZoneLandSystem,Internal Transfer,http://purl.org/iow/WaterBudgetingFramework#InternalTransfer,NA,NA,NA,NA,NA,NA
NM,Commercial,http://purl.org/iow/WaterBudgetingFramework#Commercial-NMOSE,Zone Surface Water,http://purl.org/iow/WaterBudgetingFramework#ZoneSurfaceWater,Zone Land System,http://purl.org/iow/WaterBudgetingFramework#ZoneLandSystem,Internal Transfer,http://purl.org/iow/WaterBudgetingFramework#InternalTransfer,NA,NA,NA,NA,NA,NA
NM,Commercial: Incomplete Metered,http://purl.org/iow/WaterBudgetingFramework#Commercial%3AIncompleteMetered-NMOSE,NA,NA,NA,NA,NA,NA,Commercial-NMOSE,http://purl.org/iow/WaterBudgetingFramework#Commercial-NMOSE,NA,NA,NA,NA
NM,Commercial: Metered,http://purl.org/iow/WaterBudgetingFramework#Commercial%3AMetered-NMOSE,NA,NA,NA,NA,NA,NA,Commercial-NMOSE,http://purl.org/iow/WaterBudgetingFramework#Commercial-NMOSE,NA,NA,NA,NA
NM,Commercial: Schools,http://purl.org/iow/WaterBudgetingFramework#Commercial%3ASchools-NMOSE,NA,NA,NA,NA,NA,NA,Commercial: Unmetered-NMOSE,http://purl.org/iow/WaterBudgetingFramework#Commercial%3AUnmetered-NMOSE,NA,NA,NA,NA
NM,Commercial: Unmetered,http://purl.org/iow/WaterBudgetingFramework#Commercial%3AUnmetered-NMOSE,NA,NA,NA,NA,NA,NA,Commercial-NMOSE,http://purl.org/iow/WaterBudgetingFramework#Commercial-NMOSE,NA,NA,NA,NA
NM,Evaporation from Reservoirs,http://purl.org/iow/WaterBudgetingFramework#EvaporationFromReservoirs-NMOSE,Zone Surface Water,http://purl.org/iow/WaterBudgetingFramework#ZoneSurfaceWater,Atmosphere,http://purl.org/iow/WaterBudgetingFramework#Atmosphere,Outflow,http://purl.org/iow/WaterBudgetingFramework#Outflow,NA,NA,NA,NA,NA,NA
NM,Industrial,http://purl.org/iow/WaterBudgetingFramework#Industrial-NMOSE,Zone Groundwater,http://purl.org/iow/WaterBudgetingFramework#ZoneGroundwater,Zone Land System,http://purl.org/iow/WaterBudgetingFramework#ZoneLandSystem,Internal Transfer,http://purl.org/iow/WaterBudgetingFramework#InternalTransfer,NA,NA,NA,NA,NA,NA
NM,Irrigated Agriculture,http://purl.org/iow/WaterBudgetingFramework#IrrigatedAgriculture-NMOSE,Zone Groundwater,http://purl.org/iow/WaterBudgetingFramework#ZoneGroundwater,Atmosphere,http://purl.org/iow/WaterBudgetingFramework#Atmosphere,Internal Transfer,http://purl.org/iow/WaterBudgetingFramework#InternalTransfer,NA,NA,NA,NA,NA,NA
NM,Irrigated Agriculture,http://purl.org/iow/WaterBudgetingFramework#IrrigatedAgriculture-NMOSE,Zone Groundwater,http://purl.org/iow/WaterBudgetingFramework#ZoneGroundwater,Atmosphere,http://purl.org/iow/WaterBudgetingFramework#Atmosphere,Outflow,http://purl.org/iow/WaterBudgetingFramework#Outflow,NA,NA,NA,NA,NA,NA
NM,Irrigated Agriculture,http://purl.org/iow/WaterBudgetingFramework#IrrigatedAgriculture-NMOSE,Zone Groundwater,http://purl.org/iow/WaterBudgetingFramework#ZoneGroundwater,Zone Land System,http://purl.org/iow/WaterBudgetingFramework#ZoneLandSystem,Internal Transfer,http://purl.org/iow/WaterBudgetingFramework#InternalTransfer,NA,NA,NA,NA,NA,NA
NM,Irrigated Agriculture,http://purl.org/iow/WaterBudgetingFramework#IrrigatedAgriculture-NMOSE,Zone Groundwater,http://purl.org/iow/WaterBudgetingFramework#ZoneGroundwater,Zone Land System,http://purl.org/iow/WaterBudgetingFramework#ZoneLandSystem,Outflow,http://purl.org/iow/WaterBudgetingFramework#Outflow,NA,NA,NA,NA,NA,NA
NM,Irrigated Agriculture,http://purl.org/iow/WaterBudgetingFramework#IrrigatedAgriculture-NMOSE,Zone Surface Water,http://purl.org/iow/WaterBudgetingFramework#ZoneSurfaceWater,Atmosphere,http://purl.org/iow/WaterBudgetingFramework#Atmosphere,Internal Transfer,http://purl.org/iow/WaterBudgetingFramework#InternalTransfer,NA,NA,NA,NA,NA,NA
NM,Irrigated Agriculture,http://purl.org/iow/WaterBudgetingFramework#IrrigatedAgriculture-NMOSE,Zone Surface Water,http://purl.org/iow/WaterBudgetingFramework#ZoneSurfaceWater,Atmosphere,http://purl.org/iow/WaterBudgetingFramework#Atmosphere,Outflow,http://purl.org/iow/WaterBudgetingFramework#Outflow,NA,NA,NA,NA,NA,NA
NM,Irrigated Agriculture,http://purl.org/iow/WaterBudgetingFramework#IrrigatedAgriculture-NMOSE,Zone Surface Water,http://purl.org/iow/WaterBudgetingFramework#ZoneSurfaceWater,Zone Land System,http://purl.org/iow/WaterBudgetingFramework#ZoneLandSystem,Internal Transfer,http://purl.org/iow/WaterBudgetingFramework#InternalTransfer,NA,NA,NA,NA,NA,NA
NM,Irrigated Agriculture,http://purl.org/iow/WaterBudgetingFramework#IrrigatedAgriculture-NMOSE,Zone Surface Water,http://purl.org/iow/WaterBudgetingFramework#ZoneSurfaceWater,Zone Land System,http://purl.org/iow/WaterBudgetingFramework#ZoneLandSystem,Outflow,http://purl.org/iow/WaterBudgetingFramework#Outflow,NA,NA,NA,NA,NA,NA
NM,Irrigated Agriculture Depletions,http://purl.org/iow/WaterBudgetingFramework#IrrigatedAgricultureDepletions-NMOSE,Zone Groundwater,http://purl.org/iow/WaterBudgetingFramework#ZoneGroundwater,Atmosphere,http://purl.org/iow/WaterBudgetingFramework#Atmosphere,Outflow,http://purl.org/iow/WaterBudgetingFramework#Outflow,Irrigated Agriculture-NMOSE,http://purl.org/iow/WaterBudgetingFramework#IrrigatedAgriculture-NMOSE,NA,NA,NA,NA
NM,Irrigated Agriculture Diversions,http://purl.org/iow/WaterBudgetingFramework#IrrigatedAgricultureDiversions-NMOSE,Zone Groundwater,http://purl.org/iow/WaterBudgetingFramework#ZoneGroundwater,Zone Land System,http://purl.org/iow/WaterBudgetingFramework#ZoneLandSystem,Internal Transfer,http://purl.org/iow/WaterBudgetingFramework#InternalTransfer,Irrigated Agriculture-NMOSE,http://purl.org/iow/WaterBudgetingFramework#IrrigatedAgriculture-NMOSE,NA,NA,NA,NA
NM,Irrigated Agriculture Diversions,http://purl.org/iow/WaterBudgetingFramework#IrrigatedAgricultureDiversions-NMOSE,Zone Surface Water,http://purl.org/iow/WaterBudgetingFramework#ZoneSurfaceWater,Zone Land System,http://purl.org/iow/WaterBudgetingFramework#ZoneLandSystem,Internal Transfer,http://purl.org/iow/WaterBudgetingFramework#InternalTransfer,Irrigated Agriculture-NMOSE,http://purl.org/iow/WaterBudgetingFramework#IrrigatedAgriculture-NMOSE,NA,NA,NA,NA
NM,Livestock,http://purl.org/iow/WaterBudgetingFramework#Livestock-NMOSE,Zone Groundwater,http://purl.org/iow/WaterBudgetingFramework#ZoneGroundwater,Zone Land System,http://purl.org/iow/WaterBudgetingFramework#ZoneLandSystem,Internal Transfer,http://purl.org/iow/WaterBudgetingFramework#InternalTransfer,NA,NA,NA,NA,NA,NA
NM,Livestock,http://purl.org/iow/WaterBudgetingFramework#Livestock-NMOSE,Zone Surface Water,http://purl.org/iow/WaterBudgetingFramework#ZoneSurfaceWater,Zone Land System,http://purl.org/iow/WaterBudgetingFramework#ZoneLandSystem,Internal Transfer,http://purl.org/iow/WaterBudgetingFramework#InternalTransfer,NA,NA,NA,NA,NA,NA
NM,Livestock: Metered,http://purl.org/iow/WaterBudgetingFramework#Livestock%3AMetered-NMOSE,NA,NA,NA,NA,NA,NA,NA,NA,NA,NA,NA,NA
NM,Livestock: Unmetered,http://purl.org/iow/WaterBudgetingFramework#Livestock%3AUnmetered-NMOSE,NA,NA,NA,NA,NA,NA,NA,NA,NA,NA,NA,NA
NM,Mining,http://purl.org/iow/WaterBudgetingFramework#Mining-NMOSE,Zone Groundwater,http://purl.org/iow/WaterBudgetingFramework#ZoneGroundwater,Zone Land System,http://purl.org/iow/WaterBudgetingFramework#ZoneLandSystem,Internal Transfer,http://purl.org/iow/WaterBudgetingFramework#InternalTransfer,NA,NA,NA,NA,NA,NA
NM,Mining,http://purl.org/iow/WaterBudgetingFramework#Mining-NMOSE,Zone Surface Water,http://purl.org/iow/WaterBudgetingFramework#ZoneSurfaceWater,Zone Land System,http://purl.org/iow/WaterBudgetingFramework#ZoneLandSystem,Internal Transfer,http://purl.org/iow/WaterBudgetingFramework#InternalTransfer,NA,NA,NA,NA,NA,NA
NM,Power,http://purl.org/iow/WaterBudgetingFramework#Power-NMOSE,Zone Groundwater,http://purl.org/iow/WaterBudgetingFramework#ZoneGroundwater,Zone Land System,http://purl.org/iow/WaterBudgetingFramework#ZoneLandSystem,Internal Transfer,http://purl.org/iow/WaterBudgetingFramework#InternalTransfer,NA,NA,NA,NA,NA,NA
NM,Power,http://purl.org/iow/WaterBudgetingFramework#Power-NMOSE,Zone Surface Water,http://purl.org/iow/WaterBudgetingFramework#ZoneSurfaceWater,Zone Land System,http://purl.org/iow/WaterBudgetingFramework#ZoneLandSystem,Internal Transfer,http://purl.org/iow/WaterBudgetingFramework#InternalTransfer,NA,NA,NA,NA,NA,NA
NM,Power: Unreported,http://purl.org/iow/WaterBudgetingFramework#Power%3AUnreported-NMOSE,NA,NA,NA,NA,NA,NA,Power-NMOSE,http://purl.org/iow/WaterBudgetingFramework#Power-NMOSE,NA,NA,NA,NA
NM,Public Water Supply,http://purl.org/iow/WaterBudgetingFramework#PublicWaterSupply-NMOSE,Zone Groundwater,http://purl.org/iow/WaterBudgetingFramework#ZoneGroundwater,Zone Land System,http://purl.org/iow/WaterBudgetingFramework#ZoneLandSystem,Internal Transfer,http://purl.org/iow/WaterBudgetingFramework#InternalTransfer,NA,NA,NA,NA,NA,NA
NM,Public Water Supply,http://purl.org/iow/WaterBudgetingFramework#PublicWaterSupply-NMOSE,Zone Surface Water,http://purl.org/iow/WaterBudgetingFramework#ZoneSurfaceWater,Zone Land System,http://purl.org/iow/WaterBudgetingFramework#ZoneLandSystem,Internal Transfer,http://purl.org/iow/WaterBudgetingFramework#InternalTransfer,NA,NA,NA,NA,NA,NA
NM,Public Water Supply: Metered,http://purl.org/iow/WaterBudgetingFramework#PublicWaterSupply%3AMetered-NMOSE,NA,NA,NA,NA,NA,NA,Public Water Supply-NMOSE,http://purl.org/iow/WaterBudgetingFramework#PublicWaterSupply-NMOSE,NA,NA,NA,NA
NM,Public Water Supply: Unmetered,http://purl.org/iow/WaterBudgetingFramework#PublicWaterSupply%3AUnmetered-NMOSE,NA,NA,NA,NA,NA,NA,Public Water Supply-NMOSE,http://purl.org/iow/WaterBudgetingFramework#PublicWaterSupply-NMOSE,NA,NA,NA,NA
NM,Self-Supplied Domestic,http://purl.org/iow/WaterBudgetingFramework#Self-SuppliedDomestic-NMOSE,Zone Groundwater,http://purl.org/iow/WaterBudgetingFramework#ZoneGroundwater,Zone Land System,http://purl.org/iow/WaterBudgetingFramework#ZoneLandSystem,Internal Transfer,http://purl.org/iow/WaterBudgetingFramework#InternalTransfer,NA,NA,NA,NA,NA,NA
UT,Agricultural and Municipal Depletions,http://purl.org/iow/WaterBudgetingFramework#AgriculturalAndMunicipalDepletions-UT,Zone Groundwater,http://purl.org/iow/WaterBudgetingFramework#ZoneGroundwater,Atmosphere,http://purl.org/iow/WaterBudgetingFramework#Atmosphere,Outflow,http://purl.org/iow/WaterBudgetingFramework#Outflow,NA,NA,Crop Consumptive Use-CO,http://purl.org/iow/WaterBudgetingFramework#CropConsumptiveUse-CO,NA,NA
UT,Agricultural and Municipal Depletions,http://purl.org/iow/WaterBudgetingFramework#AgriculturalAndMunicipalDepletions-UT,Zone Groundwater,http://purl.org/iow/WaterBudgetingFramework#ZoneGroundwater,Atmosphere,http://purl.org/iow/WaterBudgetingFramework#Atmosphere,Outflow,http://purl.org/iow/WaterBudgetingFramework#Outflow,NA,NA,Livestock Consumptive Use-CO,http://purl.org/iow/WaterBudgetingFramework#LivestockConsumptiveUse-CO,NA,NA
UT,Agricultural and Municipal Depletions,http://purl.org/iow/WaterBudgetingFramework#AgriculturalAndMunicipalDepletions-UT,Zone Surface Water,http://purl.org/iow/WaterBudgetingFramework#ZoneSurfaceWater,Atmosphere,http://purl.org/iow/WaterBudgetingFramework#Atmosphere,Outflow,http://purl.org/iow/WaterBudgetingFramework#Outflow,NA,NA,Crop Consumptive Use-CO,http://purl.org/iow/WaterBudgetingFramework#CropConsumptiveUse-CO,NA,NA
UT,Agricultural and Municipal Depletions,http://purl.org/iow/WaterBudgetingFramework#AgriculturalAndMunicipalDepletions-UT,Zone Surface Water,http://purl.org/iow/WaterBudgetingFramework#ZoneSurfaceWater,Atmosphere,http://purl.org/iow/WaterBudgetingFramework#Atmosphere,Outflow,http://purl.org/iow/WaterBudgetingFramework#Outflow,NA,NA,Livestock Consumptive Use-CO,http://purl.org/iow/WaterBudgetingFramework#LivestockConsumptiveUse-CO,NA,NA
UT,Agricultural and Municipal Diversions,http://purl.org/iow/WaterBudgetingFramework#AgriculturalAndMunicipalDiversions-UT,Zone Groundwater,http://purl.org/iow/WaterBudgetingFramework#ZoneGroundwater,Zone Land System,http://purl.org/iow/WaterBudgetingFramework#ZoneLandSystem,Internal Transfer,http://purl.org/iow/WaterBudgetingFramework#InternalTransfer,NA,NA,NA,NA,NA,NA
UT,Agricultural and Municipal Diversions,http://purl.org/iow/WaterBudgetingFramework#AgriculturalAndMunicipalDiversions-UT,Zone Surface Water,http://purl.org/iow/WaterBudgetingFramework#ZoneSurfaceWater,Zone Land System,http://purl.org/iow/WaterBudgetingFramework#ZoneLandSystem,Internal Transfer,http://purl.org/iow/WaterBudgetingFramework#InternalTransfer,NA,NA,NA,NA,NA,NA
UT,Agricultural Depletions,http://purl.org/iow/WaterBudgetingFramework#AgriculturalDepletions-UT,Zone Groundwater,http://purl.org/iow/WaterBudgetingFramework#ZoneGroundwater,Atmosphere,http://purl.org/iow/WaterBudgetingFramework#Atmosphere,Outflow,http://purl.org/iow/WaterBudgetingFramework#Outflow,NA,NA,Crop Consumptive Use-CO,http://purl.org/iow/WaterBudgetingFramework#CropConsumptiveUse-CO,NA,NA
UT,Agricultural Depletions,http://purl.org/iow/WaterBudgetingFramework#AgriculturalDepletions-UT,Zone Groundwater,http://purl.org/iow/WaterBudgetingFramework#ZoneGroundwater,Atmosphere,http://purl.org/iow/WaterBudgetingFramework#Atmosphere,Outflow,http://purl.org/iow/WaterBudgetingFramework#Outflow,NA,NA,Livestock Consumptive Use-CO,http://purl.org/iow/WaterBudgetingFramework#LivestockConsumptiveUse-CO,NA,NA
UT,Agricultural Depletions,http://purl.org/iow/WaterBudgetingFramework#AgriculturalDepletions-UT,Zone Land System,http://purl.org/iow/WaterBudgetingFramework#ZoneLandSystem,Atmosphere,http://purl.org/iow/WaterBudgetingFramework#Atmosphere,Outflow,http://purl.org/iow/WaterBudgetingFramework#Outflow,NA,NA,Crop Consumptive Use-CO,http://purl.org/iow/WaterBudgetingFramework#CropConsumptiveUse-CO,NA,NA
UT,Agricultural Depletions,http://purl.org/iow/WaterBudgetingFramework#AgriculturalDepletions-UT,Zone Land System,http://purl.org/iow/WaterBudgetingFramework#ZoneLandSystem,Atmosphere,http://purl.org/iow/WaterBudgetingFramework#Atmosphere,Outflow,http://purl.org/iow/WaterBudgetingFramework#Outflow,NA,NA,Livestock Consumptive Use-CO,http://purl.org/iow/WaterBudgetingFramework#LivestockConsumptiveUse-CO,NA,NA
UT,Agricultural Potential Consumptive Use,http://purl.org/iow/WaterBudgetingFramework#AgriculturalPotentialConsumptiveUse-UT,Zone Groundwater,http://purl.org/iow/WaterBudgetingFramework#ZoneGroundwater,Zone Land System,http://purl.org/iow/WaterBudgetingFramework#ZoneLandSystem,Internal Transfer,http://purl.org/iow/WaterBudgetingFramework#InternalTransfer,NA,NA,NA,NA,NA,NA
UT,Agricultural Potential Consumptive Use,http://purl.org/iow/WaterBudgetingFramework#AgriculturalPotentialConsumptiveUse-UT,Zone Surface Water,http://purl.org/iow/WaterBudgetingFramework#ZoneSurfaceWater,Zone Land System,http://purl.org/iow/WaterBudgetingFramework#ZoneLandSystem,Internal Transfer,http://purl.org/iow/WaterBudgetingFramework#InternalTransfer,NA,NA,NA,NA,NA,NA
UT,Area Outflows,http://purl.org/iow/WaterBudgetingFramework#AreaOutflows,Zone Land System,http://purl.org/iow/WaterBudgetingFramework#ZoneLandSystem,External Surface Water,http://purl.org/iow/WaterBudgetingFramework#ExternalSurfaceWater,Outflow,http://purl.org/iow/WaterBudgetingFramework#Outflow,Exports-CO,http://purl.org/iow/WaterBudgetingFramework#Exports-CO,NA,NA,NA,NA
UT,Area Outflows,http://purl.org/iow/WaterBudgetingFramework#AreaOutflows,Zone Surface Water,http://purl.org/iow/WaterBudgetingFramework#ZoneSurfaceWater,External Surface Water,http://purl.org/iow/WaterBudgetingFramework#ExternalSurfaceWater,Outflow,http://purl.org/iow/WaterBudgetingFramework#Outflow,Exports-CO,http://purl.org/iow/WaterBudgetingFramework#Exports-CO,NA,NA,NA,NA
UT,Basin Inflow,http://purl.org/iow/WaterBudgetingFramework#BasinInflow-UT,External Surface Water,http://purl.org/iow/WaterBudgetingFramework#ExternalSurfaceWater,Zone Surface Water,http://purl.org/iow/WaterBudgetingFramework#ZoneSurfaceWater,Inflow,http://purl.org/iow/WaterBudgetingFramework#Inflow,NA,NA,NA,NA,NA,NA
UT,Basin Outflow,http://purl.org/iow/WaterBudgetingFramework#BasinOutflow-UT,Zone Surface Water,http://purl.org/iow/WaterBudgetingFramework#ZoneSurfaceWater,External Surface Water,http://purl.org/iow/WaterBudgetingFramework#ExternalSurfaceWater,Outflow,http://purl.org/iow/WaterBudgetingFramework#Outflow,Exports-CO,http://purl.org/iow/WaterBudgetingFramework#Exports-CO,NA,NA,NA,NA
UT,Cropland Precipitation,http://purl.org/iow/WaterBudgetingFramework#CoplandPrecipitation-UT,Atmosphere,http://purl.org/iow/WaterBudgetingFramework#Atmosphere,Zone Land System,http://purl.org/iow/WaterBudgetingFramework#ZoneLandSystem,Inflow,http://purl.org/iow/WaterBudgetingFramework#Inflow,Precipitation-UT,http://purl.org/iow/WaterBudgetingFramework#Precipitation-UT,NA,NA,NA,NA
UT,Groundwater Use,http://purl.org/iow/WaterBudgetingFramework#GroundwaterUse-UT,Zone Groundwater,http://purl.org/iow/WaterBudgetingFramework#ZoneGroundwater,Zone Land System,http://purl.org/iow/WaterBudgetingFramework#ZoneLandSystem,Internal Transfer,http://purl.org/iow/WaterBudgetingFramework#InternalTransfer,NA,NA,NA,NA,NA,NA
UT,Municipal and Industrial Depeltion,http://purl.org/iow/WaterBudgetingFramework#MunicipalAndIndustrialDepeltion-UT,Zone Groundwater,http://purl.org/iow/WaterBudgetingFramework#ZoneGroundwater,Atmosphere,http://purl.org/iow/WaterBudgetingFramework#Atmosphere,Outflow,http://purl.org/iow/WaterBudgetingFramework#Outflow,NA,NA,NA,NA,NA,NA
UT,Municipal and Industrial Depeltion,http://purl.org/iow/WaterBudgetingFramework#MunicipalAndIndustrialDepeltion-UT,Zone Surface Water,http://purl.org/iow/WaterBudgetingFramework#ZoneSurfaceWater,Atmosphere,http://purl.org/iow/WaterBudgetingFramework#Atmosphere,Outflow,http://purl.org/iow/WaterBudgetingFramework#Outflow,NA,NA,NA,NA,NA,NA
UT,Municipal and Industrial Diversions,http://purl.org/iow/WaterBudgetingFramework#MunicipalAndIndustrialDiversions-UT,Zone Groundwater,http://purl.org/iow/WaterBudgetingFramework#ZoneGroundwater,Zone Land System,http://purl.org/iow/WaterBudgetingFramework#ZoneLandSystem,Internal Transfer,http://purl.org/iow/WaterBudgetingFramework#InternalTransfer,NA,NA,NA,NA,NA,NA
UT,Municipal and Industrial Diversions,http://purl.org/iow/WaterBudgetingFramework#MunicipalAndIndustrialDiversions-UT,Zone Surface Water,http://purl.org/iow/WaterBudgetingFramework#ZoneSurfaceWater,Zone Land System,http://purl.org/iow/WaterBudgetingFramework#ZoneLandSystem,Internal Transfer,http://purl.org/iow/WaterBudgetingFramework#InternalTransfer,NA,NA,NA,NA,NA,NA
UT,Municipal and Industrial Return Flow,http://purl.org/iow/WaterBudgetingFramework#MunicipalAndIndustrialReturnFlow-UT,Zone Land System,http://purl.org/iow/WaterBudgetingFramework#ZoneLandSystem,Zone Surface Water,http://purl.org/iow/WaterBudgetingFramework#ZoneSurfaceWater,Internal Transfer,http://purl.org/iow/WaterBudgetingFramework#InternalTransfer,NA,NA,NA,NA,NA,NA
UT,Natural System Use,http://purl.org/iow/WaterBudgetingFramework#NaturalSystemUse-UT,Zone Land System,http://purl.org/iow/WaterBudgetingFramework#ZoneLandSystem,Atmosphere,http://purl.org/iow/WaterBudgetingFramework#Atmosphere,Outflow,http://purl.org/iow/WaterBudgetingFramework#Outflow,NA,NA,NA,NA,NA,NA
UT,Natural System Use,http://purl.org/iow/WaterBudgetingFramework#NaturalSystemUse-UT,Zone Surface Water,http://purl.org/iow/WaterBudgetingFramework#ZoneSurfaceWater,Atmosphere,http://purl.org/iow/WaterBudgetingFramework#Atmosphere,Outflow,http://purl.org/iow/WaterBudgetingFramework#Outflow,NA,NA,NA,NA,NA,NA
UT,Precipitation,http://purl.org/iow/WaterBudgetingFramework#Precipitation-UT,Atmosphere,http://purl.org/iow/WaterBudgetingFramework#Atmosphere,Zone Land System,http://purl.org/iow/WaterBudgetingFramework#ZoneLandSystem,Inflow,http://purl.org/iow/WaterBudgetingFramework#Inflow,NA,NA,NA,NA,NA,NA
UT,Pumped Groundwater,http://purl.org/iow/WaterBudgetingFramework#PumpedGroundwater-UT,Zone Groundwater,http://purl.org/iow/WaterBudgetingFramework#ZoneGroundwater,Zone Land System,http://purl.org/iow/WaterBudgetingFramework#ZoneLandSystem,Internal Transfer,http://purl.org/iow/WaterBudgetingFramework#InternalTransfer,NA,NA,NA,NA,NA,NA
UT,Reservoir Evaporation,http://purl.org/iow/WaterBudgetingFramework#ReservoirEvaporation-UT,Zone Surface Water,http://purl.org/iow/WaterBudgetingFramework#ZoneSurfaceWater,Atmosphere,http://purl.org/iow/WaterBudgetingFramework#Atmosphere,Outflow,http://purl.org/iow/WaterBudgetingFramework#Outflow,NA,NA,NA,NA,NA,NA
UT,Riparian Depletions,http://purl.org/iow/WaterBudgetingFramework#RiparianDepletions-UT,Zone Land System,http://purl.org/iow/WaterBudgetingFramework#ZoneLandSystem,Atmosphere,http://purl.org/iow/WaterBudgetingFramework#Atmosphere,Outflow,http://purl.org/iow/WaterBudgetingFramework#Outflow,Natural System Use-UT,http://purl.org/iow/WaterBudgetingFramework#NaturalSystemUse-UT,NA,NA,NA,NA
UT,River Inflow,http://purl.org/iow/WaterBudgetingFramework#RiverInflow-UT,External Surface Water,http://purl.org/iow/WaterBudgetingFramework#ExternalSurfaceWater,Zone Surface Water,http://purl.org/iow/WaterBudgetingFramework#ZoneSurfaceWater,Inflow,http://purl.org/iow/WaterBudgetingFramework#Inflow,NA,NA,NA,NA,NA,NA
UT,River Use By Wet Pasture,http://purl.org/iow/WaterBudgetingFramework#RiverUseByWetPasture-UT,Zone Surface Water,http://purl.org/iow/WaterBudgetingFramework#ZoneSurfaceWater,Zone Land System,http://purl.org/iow/WaterBudgetingFramework#ZoneLandSystem,Internal Transfer,http://purl.org/iow/WaterBudgetingFramework#InternalTransfer,Crop Consumptive Use-CO,http://purl.org/iow/WaterBudgetingFramework#CropConsumptiveUse-CO,NA,NA,NA,NA
UT,Surface Diversion to Cropland,http://purl.org/iow/WaterBudgetingFramework#SurfaceDiversionToCropland-UT,Zone Surface Water,http://purl.org/iow/WaterBudgetingFramework#ZoneSurfaceWater,Zone Land System,http://purl.org/iow/WaterBudgetingFramework#ZoneLandSystem,Internal Transfer,http://purl.org/iow/WaterBudgetingFramework#InternalTransfer,NA,NA,NA,NA,NA,NA
UT,Surface Water Flows,http://purl.org/iow/WaterBudgetingFramework#SurfaceWaterFlows-UT,Zone Surface Water,http://purl.org/iow/WaterBudgetingFramework#ZoneSurfaceWater,Zone Surface Water,http://purl.org/iow/WaterBudgetingFramework#ZoneSurfaceWater,Internal Transfer,http://purl.org/iow/WaterBudgetingFramework#InternalTransfer,NA,NA,NA,NA,NA,NA
UT,Total Land Return Flow,http://purl.org/iow/WaterBudgetingFramework#TotalLandReturnFlow-UT,Zone Land System,http://purl.org/iow/WaterBudgetingFramework#ZoneLandSystem,Zone Surface Water,http://purl.org/iow/WaterBudgetingFramework#ZoneSurfaceWater,Internal Transfer,http://purl.org/iow/WaterBudgetingFramework#InternalTransfer,NA,NA,NA,NA,NA,NA
UT,Tributary Inflow,http://purl.org/iow/WaterBudgetingFramework#TributaryInflow-UT,External Surface Water,http://purl.org/iow/WaterBudgetingFramework#ExternalSurfaceWater,Zone Surface Water,http://purl.org/iow/WaterBudgetingFramework#ZoneSurfaceWater,Inflow,http://purl.org/iow/WaterBudgetingFramework#Inflow,Imports-CO,http://purl.org/iow/WaterBudgetingFramework#Imports-CO,NA,NA,NA,NA
WY,Crop Consumptive Use,http://purl.org/iow/WaterBudgetingFramework#CropConsumptiveUse-WY,Zone Surface Water,http://purl.org/iow/WaterBudgetingFramework#ZoneSurfaceWater,Atmosphere,http://purl.org/iow/WaterBudgetingFramework#Atmosphere,Outflow,http://purl.org/iow/WaterBudgetingFramework#Outflow,NA,NA,NA,NA,NA,NA
WY,Divertible Flow,http://purl.org/iow/WaterBudgetingFramework#DivertibleFlow-WY,Zone Surface Water,http://purl.org/iow/WaterBudgetingFramework#ZoneSurfaceWater,NA,NA,Internal Transfer,http://purl.org/iow/WaterBudgetingFramework#InternalTransfer,NA,NA,NA,NA,NA,NA
WY,Gaged Stream Inflow,http://purl.org/iow/WaterBudgetingFramework#GagedStreamInflow-WY,External Surface Water,http://purl.org/iow/WaterBudgetingFramework#ExternalSurfaceWater,Zone Surface Water,http://purl.org/iow/WaterBudgetingFramework#ZoneSurfaceWater,Inflow,http://purl.org/iow/WaterBudgetingFramework#Inflow,NA,NA,NA,NA,NA,NA
WY,Gaged Stream Outflow,http://purl.org/iow/WaterBudgetingFramework#GagedStreamOutflow-WY,Zone Surface Water,http://purl.org/iow/WaterBudgetingFramework#ZoneSurfaceWater,Zone Surface Water,http://purl.org/iow/WaterBudgetingFramework#ZoneSurfaceWater,Outflow,http://purl.org/iow/WaterBudgetingFramework#Outflow,NA,NA,NA,NA,NA,NA
WY,Industrial Water Use,http://purl.org/iow/WaterBudgetingFramework#IndustrialWaterUse-WY,Zone Surface Water,http://purl.org/iow/WaterBudgetingFramework#ZoneSurfaceWater,Zone Land System,http://purl.org/iow/WaterBudgetingFramework#ZoneLandSystem,Internal Transfer,http://purl.org/iow/WaterBudgetingFramework#InternalTransfer,NA,NA,NA,NA,NA,NA
WY,Irrigation Surface Water Diversions,http://purl.org/iow/WaterBudgetingFramework#IrrigationSurfaceWaterDiversions-WY,Zone Surface Water,http://purl.org/iow/WaterBudgetingFramework#ZoneSurfaceWater,Zone Land System,http://purl.org/iow/WaterBudgetingFramework#ZoneLandSystem,Internal Transfer,http://purl.org/iow/WaterBudgetingFramework#InternalTransfer,NA,NA,NA,NA,NA,NA
WY,Livestock Consumptive Use,http://purl.org/iow/WaterBudgetingFramework#LivestockConsumptiveUse-WY,Zone Surface Water,http://purl.org/iow/WaterBudgetingFramework#ZoneSurfaceWater,Atmosphere,http://purl.org/iow/WaterBudgetingFramework#Atmosphere,Outflow,http://purl.org/iow/WaterBudgetingFramework#Outflow,NA,NA,NA,NA,NA,NA
WY,Municipal and Domestic Depletions,http://purl.org/iow/WaterBudgetingFramework#MunicipalAndDomesticDepletions-WY,Zone Surface Water,http://purl.org/iow/WaterBudgetingFramework#ZoneSurfaceWater,Atmosphere,http://purl.org/iow/WaterBudgetingFramework#Atmosphere,Outflow,http://purl.org/iow/WaterBudgetingFramework#Outflow,Municipal and Domestic Use-WY,http://purl.org/iow/WaterBudgetingFramework#MunicipalAndDomesticUse-WY,NA,NA,NA,NA
WY,Municipal and Domestic Use,http://purl.org/iow/WaterBudgetingFramework#MunicipalAndDomesticUse-WY,Zone Groundwater,http://purl.org/iow/WaterBudgetingFramework#ZoneGroundwater,Zone Land System,http://purl.org/iow/WaterBudgetingFramework#ZoneLandSystem,Internal Transfer,http://purl.org/iow/WaterBudgetingFramework#InternalTransfer,NA,NA,NA,NA,NA,NA
WY,Municipal and Domestic Use,http://purl.org/iow/WaterBudgetingFramework#MunicipalAndDomesticUse-WY,Zone Surface Water,http://purl.org/iow/WaterBudgetingFramework#ZoneSurfaceWater,Zone Land System,http://purl.org/iow/WaterBudgetingFramework#ZoneLandSystem,Internal Transfer,http://purl.org/iow/WaterBudgetingFramework#InternalTransfer,NA,NA,NA,NA,NA,NA
WY,Precipitation,http://purl.org/iow/WaterBudgetingFramework#Precipitation-WY,Atmosphere,http://purl.org/iow/WaterBudgetingFramework#Atmosphere,Zone Surface Water,http://purl.org/iow/WaterBudgetingFramework#ZoneSurfaceWater,Inflow,http://purl.org/iow/WaterBudgetingFramework#Inflow,NA,NA,NA,NA,NA,NA
WY,Reservoir Evaporation,http://purl.org/iow/WaterBudgetingFramework#ReservoirEvaporation-WY,Zone Surface Water,http://purl.org/iow/WaterBudgetingFramework#ZoneSurfaceWater,Atmosphere,http://purl.org/iow/WaterBudgetingFramework#Atmosphere,Outflow,http://purl.org/iow/WaterBudgetingFramework#Outflow,NA,NA,NA,NA,NA,NA
WY,Reservoir Storage,http://purl.org/iow/WaterBudgetingFramework#ReservoirStorage-WY,NA,NA,NA,NA,NA,NA,NA,NA,NA,NA,NA,NA
WY,Total Annual Natural Streamflow,http://purl.org/iow/WaterBudgetingFramework#TotalAnnualNaturalStreamflow-WY,NA,NA,NA,NA,NA,NA,NA,NA,NA,NA,NA,NA
WY,Total Diversions,http://purl.org/iow/WaterBudgetingFramework#TotalDiversions-WY,Zone Surface Water,http://purl.org/iow/WaterBudgetingFramework#ZoneSurfaceWater,Zone Land System,http://purl.org/iow/WaterBudgetingFramework#ZoneLandSystem,Internal Transfer,http://purl.org/iow/WaterBudgetingFramework#InternalTransfer,NA,NA,NA,NA,NA,NA
WY,Ungaged Stream Gains,http://purl.org/iow/WaterBudgetingFramework#UngagedStreamGains-WY,External Groundwater,http://purl.org/iow/WaterBudgetingFramework#ExternalGroundwater,Zone Surface Water,http://purl.org/iow/WaterBudgetingFramework#ZoneSurfaceWater,Inflow,http://purl.org/iow/WaterBudgetingFramework#Inflow,NA,NA,NA,NA,NA,NA
