state_cL,ftype_cL,fsource_cL,fsink_cL,cL,pscL,state_pscL,ftype_pscL,fsource_pscL,fsink_pscL,c,psc,empty
CA,Inflow,NA,Zone Groundwater,Water Release Caused by Land Subsidence-CA,NA,NA,NA,NA,NA,http://purl.org/iow/WaterBudgetingFramework#WaterReleaseCausedByLandSubsidence-CA,NA,NA
WY,NA,Zone Groundwater,Zone Land System,Domestic Total Use-WY,NA,NA,NA,NA,NA,http://purl.org/iow/WaterBudgetingFramework#DomesticTotalUse-WY,NA,NA
CA,NA,NA,NA,Total Outflow-CA,NA,NA,NA,NA,NA,http://purl.org/iow/WaterBudgetingFramework#TotalOutflow-CA,NA,NA
NM,NA,NA,NA,Commercial: Unmetered-NMOSE,NA,NA,NA,NA,NA,http://purl.org/iow/WaterBudgetingFramework#Commercial%3AUnmetered-NMOSE,NA,NA
NM,NA,NA,NA,Land Surface Stock-NM,NA,NA,NA,NA,NA,http://purl.org/iow/WaterBudgetingFramework#LandSurfaceStock-NM,NA,NA
NM,NA,NA,NA,Livestock: Unmetered-NMOSE,NA,NA,NA,NA,NA,http://purl.org/iow/WaterBudgetingFramework#Livestock%3AUnmetered-NMOSE,NA,NA
NM,Internal Transfer,Zone Land System,Zone Groundwater,Groundwater Return-NM,NA,NA,NA,NA,NA,http://purl.org/iow/WaterBudgetingFramework#GroundwaterReturn-NM,NA,NA
NM,Internal Transfer,Zone Surface Water,Zone Land System,Commercial-NMOSE,Applied Water-CA,CA,Internal Transfer,Zone Land System,Zone Land System,http://purl.org/iow/WaterBudgetingFramework#Commercial-NMOSE,http://purl.org/iow/WaterBudgetingFramework#AppliedWater-CA,NA
NM,Internal Transfer,Zone Groundwater,Zone Land System,Commercial-NMOSE,Applied Water-CA,CA,Internal Transfer,Zone Land System,Zone Land System,http://purl.org/iow/WaterBudgetingFramework#Commercial-NMOSE,http://purl.org/iow/WaterBudgetingFramework#AppliedWater-CA,NA
CO,Outflow,Zone Surface Water,Atmosphere,Municipal and Industrial Consumptive Use-CO,Surface Water Diversions-CA,CA,Internal Transfer,Zone Surface Water,Zone Surface Water,http://purl.org/iow/WaterBudgetingFramework#MunicipalAndIndustrialConsumptiveUse-CO,http://purl.org/iow/WaterBudgetingFramework#SurfaceWaterDiversions-CA,NA
CO,Outflow,Zone Groundwater,Atmosphere,Municipal and Industrial Consumptive Use-CO,Surface Water Diversions-CA,CA,Internal Transfer,Zone Surface Water,Zone Surface Water,http://purl.org/iow/WaterBudgetingFramework#MunicipalAndIndustrialConsumptiveUse-CO,http://purl.org/iow/WaterBudgetingFramework#SurfaceWaterDiversions-CA,NA
CO,Outflow,Zone Surface Water,Atmosphere,Municipal and Industrial Consumptive Use-CO,Public Water Supply-NMOSE,NM,Internal Transfer,Zone Surface Water,Zone Land System,http://purl.org/iow/WaterBudgetingFramework#MunicipalAndIndustrialConsumptiveUse-CO,http://purl.org/iow/WaterBudgetingFramework#PublicWaterSupply-NMOSE,NA
CO,Outflow,Zone Groundwater,Atmosphere,Municipal and Industrial Consumptive Use-CO,Public Water Supply-NMOSE,NM,Internal Transfer,Zone Surface Water,Zone Land System,http://purl.org/iow/WaterBudgetingFramework#MunicipalAndIndustrialConsumptiveUse-CO,http://purl.org/iow/WaterBudgetingFramework#PublicWaterSupply-NMOSE,NA
CO,Outflow,Zone Surface Water,Atmosphere,Municipal and Industrial Consumptive Use-CO,Public Water Supply-NMOSE,NM,Internal Transfer,Zone Groundwater,Zone Land System,http://purl.org/iow/WaterBudgetingFramework#MunicipalAndIndustrialConsumptiveUse-CO,http://purl.org/iow/WaterBudgetingFramework#PublicWaterSupply-NMOSE,NA
CO,Outflow,Zone Groundwater,Atmosphere,Municipal and Industrial Consumptive Use-CO,Public Water Supply-NMOSE,NM,Internal Transfer,Zone Groundwater,Zone Land System,http://purl.org/iow/WaterBudgetingFramework#MunicipalAndIndustrialConsumptiveUse-CO,http://purl.org/iow/WaterBudgetingFramework#PublicWaterSupply-NMOSE,NA
CO,Outflow,Zone Surface Water,Atmosphere,Municipal and Industrial Consumptive Use-CO,Power-NMOSE,NM,Internal Transfer,Zone Surface Water,Zone Land System,http://purl.org/iow/WaterBudgetingFramework#MunicipalAndIndustrialConsumptiveUse-CO,http://purl.org/iow/WaterBudgetingFramework#Power-NMOSE,NA
CO,Outflow,Zone Groundwater,Atmosphere,Municipal and Industrial Consumptive Use-CO,Power-NMOSE,NM,Internal Transfer,Zone Surface Water,Zone Land System,http://purl.org/iow/WaterBudgetingFramework#MunicipalAndIndustrialConsumptiveUse-CO,http://purl.org/iow/WaterBudgetingFramework#Power-NMOSE,NA
CO,Outflow,Zone Surface Water,Atmosphere,Municipal and Industrial Consumptive Use-CO,Power-NMOSE,NM,Internal Transfer,Zone Groundwater,Zone Land System,http://purl.org/iow/WaterBudgetingFramework#MunicipalAndIndustrialConsumptiveUse-CO,http://purl.org/iow/WaterBudgetingFramework#Power-NMOSE,NA
CO,Outflow,Zone Groundwater,Atmosphere,Municipal and Industrial Consumptive Use-CO,Power-NMOSE,NM,Internal Transfer,Zone Groundwater,Zone Land System,http://purl.org/iow/WaterBudgetingFramework#MunicipalAndIndustrialConsumptiveUse-CO,http://purl.org/iow/WaterBudgetingFramework#Power-NMOSE,NA
CO,Outflow,Zone Surface Water,Atmosphere,Municipal and Industrial Consumptive Use-CO,Mining-NMOSE,NM,Internal Transfer,Zone Surface Water,Zone Land System,http://purl.org/iow/WaterBudgetingFramework#MunicipalAndIndustrialConsumptiveUse-CO,http://purl.org/iow/WaterBudgetingFramework#Mining-NMOSE,NA
CO,Outflow,Zone Groundwater,Atmosphere,Municipal and Industrial Consumptive Use-CO,Mining-NMOSE,NM,Internal Transfer,Zone Surface Water,Zone Land System,http://purl.org/iow/WaterBudgetingFramework#MunicipalAndIndustrialConsumptiveUse-CO,http://purl.org/iow/WaterBudgetingFramework#Mining-NMOSE,NA
CO,Outflow,Zone Surface Water,Atmosphere,Municipal and Industrial Consumptive Use-CO,Mining-NMOSE,NM,Internal Transfer,Zone Groundwater,Zone Land System,http://purl.org/iow/WaterBudgetingFramework#MunicipalAndIndustrialConsumptiveUse-CO,http://purl.org/iow/WaterBudgetingFramework#Mining-NMOSE,NA
CO,Outflow,Zone Groundwater,Atmosphere,Municipal and Industrial Consumptive Use-CO,Mining-NMOSE,NM,Internal Transfer,Zone Groundwater,Zone Land System,http://purl.org/iow/WaterBudgetingFramework#MunicipalAndIndustrialConsumptiveUse-CO,http://purl.org/iow/WaterBudgetingFramework#Mining-NMOSE,NA
CO,Outflow,Zone Surface Water,Atmosphere,Municipal and Industrial Consumptive Use-CO,Industrial-NMOSE,NM,Internal Transfer,Zone Groundwater,Zone Land System,http://purl.org/iow/WaterBudgetingFramework#MunicipalAndIndustrialConsumptiveUse-CO,http://purl.org/iow/WaterBudgetingFramework#Industrial-NMOSE,NA
CO,Outflow,Zone Groundwater,Atmosphere,Municipal and Industrial Consumptive Use-CO,Industrial-NMOSE,NM,Internal Transfer,Zone Groundwater,Zone Land System,http://purl.org/iow/WaterBudgetingFramework#MunicipalAndIndustrialConsumptiveUse-CO,http://purl.org/iow/WaterBudgetingFramework#Industrial-NMOSE,NA
CO,Outflow,Zone Surface Water,Atmosphere,Municipal and Industrial Consumptive Use-CO,Groundwater Extraction-CA,CA,Internal Transfer,Zone Groundwater,Zone Land System,http://purl.org/iow/WaterBudgetingFramework#MunicipalAndIndustrialConsumptiveUse-CO,http://purl.org/iow/WaterBudgetingFramework#GroundwaterExtraction-CA,NA
CO,Outflow,Zone Groundwater,Atmosphere,Municipal and Industrial Consumptive Use-CO,Groundwater Extraction-CA,CA,Internal Transfer,Zone Groundwater,Zone Land System,http://purl.org/iow/WaterBudgetingFramework#MunicipalAndIndustrialConsumptiveUse-CO,http://purl.org/iow/WaterBudgetingFramework#GroundwaterExtraction-CA,NA
CO,Outflow,Zone Surface Water,Atmosphere,Municipal and Industrial Consumptive Use-CO,Commercial-NMOSE,NM,Internal Transfer,Zone Surface Water,Zone Land System,http://purl.org/iow/WaterBudgetingFramework#MunicipalAndIndustrialConsumptiveUse-CO,http://purl.org/iow/WaterBudgetingFramework#Commercial-NMOSE,NA
CO,Outflow,Zone Groundwater,Atmosphere,Municipal and Industrial Consumptive Use-CO,Commercial-NMOSE,NM,Internal Transfer,Zone Surface Water,Zone Land System,http://purl.org/iow/WaterBudgetingFramework#MunicipalAndIndustrialConsumptiveUse-CO,http://purl.org/iow/WaterBudgetingFramework#Commercial-NMOSE,NA
CO,Outflow,Zone Surface Water,Atmosphere,Municipal and Industrial Consumptive Use-CO,Commercial-NMOSE,NM,Internal Transfer,Zone Groundwater,Zone Land System,http://purl.org/iow/WaterBudgetingFramework#MunicipalAndIndustrialConsumptiveUse-CO,http://purl.org/iow/WaterBudgetingFramework#Commercial-NMOSE,NA
CO,Outflow,Zone Groundwater,Atmosphere,Municipal and Industrial Consumptive Use-CO,Commercial-NMOSE,NM,Internal Transfer,Zone Groundwater,Zone Land System,http://purl.org/iow/WaterBudgetingFramework#MunicipalAndIndustrialConsumptiveUse-CO,http://purl.org/iow/WaterBudgetingFramework#Commercial-NMOSE,NA
CO,Outflow,Zone Surface Water,Atmosphere,Municipal and Industrial Consumptive Use-CO,Applied Water-CA,CA,Internal Transfer,Zone Land System,Zone Land System,http://purl.org/iow/WaterBudgetingFramework#MunicipalAndIndustrialConsumptiveUse-CO,http://purl.org/iow/WaterBudgetingFramework#AppliedWater-CA,NA
CO,Outflow,Zone Groundwater,Atmosphere,Municipal and Industrial Consumptive Use-CO,Applied Water-CA,CA,Internal Transfer,Zone Land System,Zone Land System,http://purl.org/iow/WaterBudgetingFramework#MunicipalAndIndustrialConsumptiveUse-CO,http://purl.org/iow/WaterBudgetingFramework#AppliedWater-CA,NA
UT,Internal Transfer,Zone Surface Water,Zone Land System,Agricultural and Municipal Diversions-UT,Surface Water Diversions-CA,CA,Internal Transfer,Zone Surface Water,Zone Surface Water,http://purl.org/iow/WaterBudgetingFramework#AgriculturalAndMunicipalDiversions-UT,http://purl.org/iow/WaterBudgetingFramework#SurfaceWaterDiversions-CA,NA
UT,Internal Transfer,Zone Groundwater,Zone Land System,Agricultural and Municipal Diversions-UT,Surface Water Diversions-CA,CA,Internal Transfer,Zone Surface Water,Zone Surface Water,http://purl.org/iow/WaterBudgetingFramework#AgriculturalAndMunicipalDiversions-UT,http://purl.org/iow/WaterBudgetingFramework#SurfaceWaterDiversions-CA,NA
UT,Internal Transfer,Zone Surface Water,Zone Land System,Agricultural and Municipal Diversions-UT,Groundwater Extraction-CA,CA,Internal Transfer,Zone Groundwater,Zone Land System,http://purl.org/iow/WaterBudgetingFramework#AgriculturalAndMunicipalDiversions-UT,http://purl.org/iow/WaterBudgetingFramework#GroundwaterExtraction-CA,NA
UT,Internal Transfer,Zone Groundwater,Zone Land System,Agricultural and Municipal Diversions-UT,Groundwater Extraction-CA,CA,Internal Transfer,Zone Groundwater,Zone Land System,http://purl.org/iow/WaterBudgetingFramework#AgriculturalAndMunicipalDiversions-UT,http://purl.org/iow/WaterBudgetingFramework#GroundwaterExtraction-CA,NA
UT,Internal Transfer,Zone Land System,Zone Surface Water,Total Land Return Flow-UT,NA,NA,NA,NA,NA,http://purl.org/iow/WaterBudgetingFramework#TotalLandReturnFlow-UT,NA,NA
CA,NA,NA,NA,Total Surface Water Inflow-CA,NA,NA,NA,NA,NA,http://purl.org/iow/WaterBudgetingFramework#TotalSurfaceWaterInflow-CA,NA,NA
UT,Internal Transfer,Zone Land System,Zone Surface Water,Municipal and Industrial Return Flow-UT,Industrial Total Use-WY,WY,Internal Transfer,Zone Surface Water,Zone Land System,http://purl.org/iow/WaterBudgetingFramework#MunicipalAndIndustrialReturnFlow-UT,http://purl.org/iow/WaterBudgetingFramework#IndustrialTotalUse-WY,NA
UT,Internal Transfer,Zone Land System,Zone Surface Water,Municipal and Industrial Return Flow-UT,Industrial Total Use-WY,WY,Internal Transfer,Zone Groundwater,Zone Land System,http://purl.org/iow/WaterBudgetingFramework#MunicipalAndIndustrialReturnFlow-UT,http://purl.org/iow/WaterBudgetingFramework#IndustrialTotalUse-WY,NA
CA,Storage Change,NA,NA,Change in Land System Storage-CA,NA,NA,NA,NA,NA,http://purl.org/iow/WaterBudgetingFramework#ChangeInLandSystemStorage-CA,NA,NA
NM,NA,NA,NA,Livestock: Metered-NMOSE,NA,NA,NA,NA,NA,http://purl.org/iow/WaterBudgetingFramework#Livestock%3AMetered-NMOSE,NA,NA
CA,Storage Change,NA,NA,Change in Total System Storage-CA,NA,NA,NA,NA,NA,http://purl.org/iow/WaterBudgetingFramework#ChangeInTotalSystemStorage-CA,NA,NA
WY,Outflow,Zone Surface Water,External Groundwater,Ungaged Stream Losses-WY,NA,NA,NA,NA,NA,http://purl.org/iow/WaterBudgetingFramework#UngagedStreamLosses-WY,NA,NA
CA,Inflow,NA,NA,Total Groundwater System Inflow-CA,NA,NA,NA,NA,NA,http://purl.org/iow/WaterBudgetingFramework#TotalGroundwaterSystemInflow-CA,NA,NA
CA,Internal Transfer,Zone Surface Water,Zone Groundwater,Stream Loss to Groundwater-CA,NA,NA,NA,NA,NA,http://purl.org/iow/WaterBudgetingFramework#StreamLossToGroundwater-CA,NA,NA
UT,Outflow,Zone Surface Water,Atmosphere,Municipal and Industrial Depeltion-UT,Surface Water Diversions-CA,CA,Internal Transfer,Zone Surface Water,Zone Surface Water,http://purl.org/iow/WaterBudgetingFramework#MunicipalAndIndustrialDepeltion-UT,http://purl.org/iow/WaterBudgetingFramework#SurfaceWaterDiversions-CA,NA
UT,Outflow,Zone Groundwater,Atmosphere,Municipal and Industrial Depeltion-UT,Surface Water Diversions-CA,CA,Internal Transfer,Zone Surface Water,Zone Surface Water,http://purl.org/iow/WaterBudgetingFramework#MunicipalAndIndustrialDepeltion-UT,http://purl.org/iow/WaterBudgetingFramework#SurfaceWaterDiversions-CA,NA
UT,Outflow,Zone Surface Water,Atmosphere,Municipal and Industrial Depeltion-UT,Industrial Total Use-WY,WY,Internal Transfer,Zone Surface Water,Zone Land System,http://purl.org/iow/WaterBudgetingFramework#MunicipalAndIndustrialDepeltion-UT,http://purl.org/iow/WaterBudgetingFramework#IndustrialTotalUse-WY,NA
UT,Outflow,Zone Groundwater,Atmosphere,Municipal and Industrial Depeltion-UT,Industrial Total Use-WY,WY,Internal Transfer,Zone Surface Water,Zone Land System,http://purl.org/iow/WaterBudgetingFramework#MunicipalAndIndustrialDepeltion-UT,http://purl.org/iow/WaterBudgetingFramework#IndustrialTotalUse-WY,NA
UT,Outflow,Zone Surface Water,Atmosphere,Municipal and Industrial Depeltion-UT,Industrial Total Use-WY,WY,Internal Transfer,Zone Groundwater,Zone Land System,http://purl.org/iow/WaterBudgetingFramework#MunicipalAndIndustrialDepeltion-UT,http://purl.org/iow/WaterBudgetingFramework#IndustrialTotalUse-WY,NA
UT,Outflow,Zone Groundwater,Atmosphere,Municipal and Industrial Depeltion-UT,Industrial Total Use-WY,WY,Internal Transfer,Zone Groundwater,Zone Land System,http://purl.org/iow/WaterBudgetingFramework#MunicipalAndIndustrialDepeltion-UT,http://purl.org/iow/WaterBudgetingFramework#IndustrialTotalUse-WY,NA
UT,Outflow,Zone Surface Water,Atmosphere,Municipal and Industrial Depeltion-UT,Industrial Consumptive Use-WY,WY,Outflow,Zone Surface Water,Atmosphere,http://purl.org/iow/WaterBudgetingFramework#MunicipalAndIndustrialDepeltion-UT,http://purl.org/iow/WaterBudgetingFramework#IndustrialConsumptiveUse-WY,NA
UT,Outflow,Zone Groundwater,Atmosphere,Municipal and Industrial Depeltion-UT,Industrial Consumptive Use-WY,WY,Outflow,Zone Surface Water,Atmosphere,http://purl.org/iow/WaterBudgetingFramework#MunicipalAndIndustrialDepeltion-UT,http://purl.org/iow/WaterBudgetingFramework#IndustrialConsumptiveUse-WY,NA
UT,Outflow,Zone Surface Water,Atmosphere,Municipal and Industrial Depeltion-UT,Industrial Consumptive Use-WY,WY,Outflow,Zone Groundwater,Atmosphere,http://purl.org/iow/WaterBudgetingFramework#MunicipalAndIndustrialDepeltion-UT,http://purl.org/iow/WaterBudgetingFramework#IndustrialConsumptiveUse-WY,NA
UT,Outflow,Zone Groundwater,Atmosphere,Municipal and Industrial Depeltion-UT,Industrial Consumptive Use-WY,WY,Outflow,Zone Groundwater,Atmosphere,http://purl.org/iow/WaterBudgetingFramework#MunicipalAndIndustrialDepeltion-UT,http://purl.org/iow/WaterBudgetingFramework#IndustrialConsumptiveUse-WY,NA
UT,Outflow,Zone Surface Water,Atmosphere,Municipal and Industrial Depeltion-UT,Groundwater Extraction-CA,CA,Internal Transfer,Zone Groundwater,Zone Land System,http://purl.org/iow/WaterBudgetingFramework#MunicipalAndIndustrialDepeltion-UT,http://purl.org/iow/WaterBudgetingFramework#GroundwaterExtraction-CA,NA
UT,Outflow,Zone Groundwater,Atmosphere,Municipal and Industrial Depeltion-UT,Groundwater Extraction-CA,CA,Internal Transfer,Zone Groundwater,Zone Land System,http://purl.org/iow/WaterBudgetingFramework#MunicipalAndIndustrialDepeltion-UT,http://purl.org/iow/WaterBudgetingFramework#GroundwaterExtraction-CA,NA
UT,Outflow,Zone Surface Water,Atmosphere,Municipal and Industrial Depeltion-UT,Applied Water-CA,CA,Internal Transfer,Zone Land System,Zone Land System,http://purl.org/iow/WaterBudgetingFramework#MunicipalAndIndustrialDepeltion-UT,http://purl.org/iow/WaterBudgetingFramework#AppliedWater-CA,NA
UT,Outflow,Zone Groundwater,Atmosphere,Municipal and Industrial Depeltion-UT,Applied Water-CA,CA,Internal Transfer,Zone Land System,Zone Land System,http://purl.org/iow/WaterBudgetingFramework#MunicipalAndIndustrialDepeltion-UT,http://purl.org/iow/WaterBudgetingFramework#AppliedWater-CA,NA
UT,Outflow,Zone Surface Water,Atmosphere,Agricultural and Municipal Depletions-UT,Surface Water Diversions-CA,CA,Internal Transfer,Zone Surface Water,Zone Surface Water,http://purl.org/iow/WaterBudgetingFramework#AgriculturalAndMunicipalDepletions-UT,http://purl.org/iow/WaterBudgetingFramework#SurfaceWaterDiversions-CA,NA
UT,Outflow,Zone Groundwater,Atmosphere,Agricultural and Municipal Depletions-UT,Surface Water Diversions-CA,CA,Internal Transfer,Zone Surface Water,Zone Surface Water,http://purl.org/iow/WaterBudgetingFramework#AgriculturalAndMunicipalDepletions-UT,http://purl.org/iow/WaterBudgetingFramework#SurfaceWaterDiversions-CA,NA
UT,Outflow,Zone Surface Water,Atmosphere,Agricultural and Municipal Depletions-UT,Municipal and Industrial Consumptive Use-CO,CO,Outflow,Zone Surface Water,Atmosphere,http://purl.org/iow/WaterBudgetingFramework#AgriculturalAndMunicipalDepletions-UT,http://purl.org/iow/WaterBudgetingFramework#MunicipalAndIndustrialConsumptiveUse-CO,NA
UT,Outflow,Zone Groundwater,Atmosphere,Agricultural and Municipal Depletions-UT,Municipal and Industrial Consumptive Use-CO,CO,Outflow,Zone Surface Water,Atmosphere,http://purl.org/iow/WaterBudgetingFramework#AgriculturalAndMunicipalDepletions-UT,http://purl.org/iow/WaterBudgetingFramework#MunicipalAndIndustrialConsumptiveUse-CO,NA
UT,Outflow,Zone Surface Water,Atmosphere,Agricultural and Municipal Depletions-UT,Municipal and Industrial Consumptive Use-CO,CO,Outflow,Zone Groundwater,Atmosphere,http://purl.org/iow/WaterBudgetingFramework#AgriculturalAndMunicipalDepletions-UT,http://purl.org/iow/WaterBudgetingFramework#MunicipalAndIndustrialConsumptiveUse-CO,NA
UT,Outflow,Zone Groundwater,Atmosphere,Agricultural and Municipal Depletions-UT,Municipal and Industrial Consumptive Use-CO,CO,Outflow,Zone Groundwater,Atmosphere,http://purl.org/iow/WaterBudgetingFramework#AgriculturalAndMunicipalDepletions-UT,http://purl.org/iow/WaterBudgetingFramework#MunicipalAndIndustrialConsumptiveUse-CO,NA
UT,Outflow,Zone Surface Water,Atmosphere,Agricultural and Municipal Depletions-UT,Livestock Consumptive Use-CO,CO,Outflow,Zone Surface Water,Atmosphere,http://purl.org/iow/WaterBudgetingFramework#AgriculturalAndMunicipalDepletions-UT,http://purl.org/iow/WaterBudgetingFramework#LivestockConsumptiveUse-CO,NA
UT,Outflow,Zone Groundwater,Atmosphere,Agricultural and Municipal Depletions-UT,Livestock Consumptive Use-CO,CO,Outflow,Zone Surface Water,Atmosphere,http://purl.org/iow/WaterBudgetingFramework#AgriculturalAndMunicipalDepletions-UT,http://purl.org/iow/WaterBudgetingFramework#LivestockConsumptiveUse-CO,NA
UT,Outflow,Zone Surface Water,Atmosphere,Agricultural and Municipal Depletions-UT,Livestock Consumptive Use-CO,CO,Outflow,Zone Groundwater,Atmosphere,http://purl.org/iow/WaterBudgetingFramework#AgriculturalAndMunicipalDepletions-UT,http://purl.org/iow/WaterBudgetingFramework#LivestockConsumptiveUse-CO,NA
UT,Outflow,Zone Groundwater,Atmosphere,Agricultural and Municipal Depletions-UT,Livestock Consumptive Use-CO,CO,Outflow,Zone Groundwater,Atmosphere,http://purl.org/iow/WaterBudgetingFramework#AgriculturalAndMunicipalDepletions-UT,http://purl.org/iow/WaterBudgetingFramework#LivestockConsumptiveUse-CO,NA
UT,Outflow,Zone Surface Water,Atmosphere,Agricultural and Municipal Depletions-UT,Groundwater Extraction-CA,CA,Internal Transfer,Zone Groundwater,Zone Land System,http://purl.org/iow/WaterBudgetingFramework#AgriculturalAndMunicipalDepletions-UT,http://purl.org/iow/WaterBudgetingFramework#GroundwaterExtraction-CA,NA
UT,Outflow,Zone Groundwater,Atmosphere,Agricultural and Municipal Depletions-UT,Groundwater Extraction-CA,CA,Internal Transfer,Zone Groundwater,Zone Land System,http://purl.org/iow/WaterBudgetingFramework#AgriculturalAndMunicipalDepletions-UT,http://purl.org/iow/WaterBudgetingFramework#GroundwaterExtraction-CA,NA
UT,Outflow,Zone Surface Water,Atmosphere,Agricultural and Municipal Depletions-UT,Crop Consumptive Use-CO,CO,Outflow,Zone Land System,Atmosphere,http://purl.org/iow/WaterBudgetingFramework#AgriculturalAndMunicipalDepletions-UT,http://purl.org/iow/WaterBudgetingFramework#CropConsumptiveUse-CO,NA
UT,Outflow,Zone Groundwater,Atmosphere,Agricultural and Municipal Depletions-UT,Crop Consumptive Use-CO,CO,Outflow,Zone Land System,Atmosphere,http://purl.org/iow/WaterBudgetingFramework#AgriculturalAndMunicipalDepletions-UT,http://purl.org/iow/WaterBudgetingFramework#CropConsumptiveUse-CO,NA
UT,Internal Transfer,Zone Groundwater,Zone Land System,Groundwater Use-UT,NA,NA,NA,NA,NA,http://purl.org/iow/WaterBudgetingFramework#GroundwaterUse-UT,NA,NA
CA,Internal Transfer,Zone Groundwater,Zone Surface Water,Stream Gain from Groundwater-CA,NA,NA,NA,NA,NA,http://purl.org/iow/WaterBudgetingFramework#StreamGainFromGroundwater-CA,NA,NA
NM,NA,NA,NA,Commercial: Metered-NMOSE,NA,NA,NA,NA,NA,http://purl.org/iow/WaterBudgetingFramework#Commercial%3AMetered-NMOSE,NA,NA
NM,Outflow,Zone Groundwater,Atmosphere,Groundwater ET-NM,NA,NA,NA,NA,NA,http://purl.org/iow/WaterBudgetingFramework#GroundwaterET-NM,NA,NA
NM,NA,NA,NA,Surface Water Stock-NM,NA,NA,NA,NA,NA,http://purl.org/iow/WaterBudgetingFramework#SurfaceWaterStock-NM,NA,NA
WY,Internal Transfer,Zone Surface Water,Zone Land System,Industrial: Coalbed Methand Production-WY,Industrial Total Use-WY,WY,Internal Transfer,Zone Surface Water,Zone Land System,http://purl.org/iow/WaterBudgetingFramework#Industrial%3ACoalbedMethandProduction-WY,http://purl.org/iow/WaterBudgetingFramework#IndustrialTotalUse-WY,NA
WY,Internal Transfer,Zone Groundwater,Zone Land System,Industrial: Coalbed Methand Production-WY,Industrial Total Use-WY,WY,Internal Transfer,Zone Surface Water,Zone Land System,http://purl.org/iow/WaterBudgetingFramework#Industrial%3ACoalbedMethandProduction-WY,http://purl.org/iow/WaterBudgetingFramework#IndustrialTotalUse-WY,NA
WY,Internal Transfer,Zone Surface Water,Zone Land System,Industrial: Coalbed Methand Production-WY,Industrial Total Use-WY,WY,Internal Transfer,Zone Groundwater,Zone Land System,http://purl.org/iow/WaterBudgetingFramework#Industrial%3ACoalbedMethandProduction-WY,http://purl.org/iow/WaterBudgetingFramework#IndustrialTotalUse-WY,NA
WY,Internal Transfer,Zone Groundwater,Zone Land System,Industrial: Coalbed Methand Production-WY,Industrial Total Use-WY,WY,Internal Transfer,Zone Groundwater,Zone Land System,http://purl.org/iow/WaterBudgetingFramework#Industrial%3ACoalbedMethandProduction-WY,http://purl.org/iow/WaterBudgetingFramework#IndustrialTotalUse-WY,NA
WY,Internal Transfer,Zone Surface Water,Zone Land System,Industrial: Coalbed Methand Production-WY,Industrial Consumptive Use-WY,WY,Outflow,Zone Surface Water,Atmosphere,http://purl.org/iow/WaterBudgetingFramework#Industrial%3ACoalbedMethandProduction-WY,http://purl.org/iow/WaterBudgetingFramework#IndustrialConsumptiveUse-WY,NA
WY,Internal Transfer,Zone Groundwater,Zone Land System,Industrial: Coalbed Methand Production-WY,Industrial Consumptive Use-WY,WY,Outflow,Zone Surface Water,Atmosphere,http://purl.org/iow/WaterBudgetingFramework#Industrial%3ACoalbedMethandProduction-WY,http://purl.org/iow/WaterBudgetingFramework#IndustrialConsumptiveUse-WY,NA
WY,Internal Transfer,Zone Surface Water,Zone Land System,Industrial: Coalbed Methand Production-WY,Industrial Consumptive Use-WY,WY,Outflow,Zone Groundwater,Atmosphere,http://purl.org/iow/WaterBudgetingFramework#Industrial%3ACoalbedMethandProduction-WY,http://purl.org/iow/WaterBudgetingFramework#IndustrialConsumptiveUse-WY,NA
WY,Internal Transfer,Zone Groundwater,Zone Land System,Industrial: Coalbed Methand Production-WY,Industrial Consumptive Use-WY,WY,Outflow,Zone Groundwater,Atmosphere,http://purl.org/iow/WaterBudgetingFramework#Industrial%3ACoalbedMethandProduction-WY,http://purl.org/iow/WaterBudgetingFramework#IndustrialConsumptiveUse-WY,NA
WY,NA,Zone Groundwater,Zone Land System,Industrial: Electrical Generation-WY,Industrial Total Use-WY,WY,Internal Transfer,Zone Surface Water,Zone Land System,http://purl.org/iow/WaterBudgetingFramework#Industrial%3AElectricalGeneration-WY,http://purl.org/iow/WaterBudgetingFramework#IndustrialTotalUse-WY,NA
WY,NA,Zone Groundwater,Zone Land System,Industrial: Electrical Generation-WY,Industrial Total Use-WY,WY,Internal Transfer,Zone Groundwater,Zone Land System,http://purl.org/iow/WaterBudgetingFramework#Industrial%3AElectricalGeneration-WY,http://purl.org/iow/WaterBudgetingFramework#IndustrialTotalUse-WY,NA
WY,NA,Zone Groundwater,Zone Land System,Industrial: Electrical Generation-WY,Industrial Consumptive Use-WY,WY,Outflow,Zone Surface Water,Atmosphere,http://purl.org/iow/WaterBudgetingFramework#Industrial%3AElectricalGeneration-WY,http://purl.org/iow/WaterBudgetingFramework#IndustrialConsumptiveUse-WY,NA
WY,NA,Zone Groundwater,Zone Land System,Industrial: Electrical Generation-WY,Industrial Consumptive Use-WY,WY,Outflow,Zone Groundwater,Atmosphere,http://purl.org/iow/WaterBudgetingFramework#Industrial%3AElectricalGeneration-WY,http://purl.org/iow/WaterBudgetingFramework#IndustrialConsumptiveUse-WY,NA
NM,Outflow,Zone Land System,Atmosphere,Evaporation-NM,NA,NA,NA,NA,NA,http://purl.org/iow/WaterBudgetingFramework#Evaporation-NM,NA,NA
UT,Inflow,Atmosphere,Zone Land System,Cropland Precipitation-UT,NA,NA,NA,NA,NA,http://purl.org/iow/WaterBudgetingFramework#CoplandPrecipitation-UT,NA,NA
CA,Outflow,Zone Groundwater,External Groundwater,Subsurface Outflow-CA,NA,NA,NA,NA,NA,http://purl.org/iow/WaterBudgetingFramework#SubsurfaceOutflow-CA,NA,NA
WY,Internal Transfer,Zone Surface Water,Zone Land System,Irrigation Surface Water Diversions-WY,NA,NA,NA,NA,NA,http://purl.org/iow/WaterBudgetingFramework#IrrigationSurfaceWaterDiversions-WY,NA,NA
CA,Outflow,Zone Surface Water,Atmosphere,Stream Evaporation-CA,NA,NA,NA,NA,NA,http://purl.org/iow/WaterBudgetingFramework#StreamEvaporation-CA,NA,NA
NM,Outflow,Zone Groundwater,Atmosphere,Riparian Consumption-NM,NA,NA,NA,NA,NA,http://purl.org/iow/WaterBudgetingFramework#RiparianConsumption-NM,NA,NA
NM,Internal Transfer,Zone Surface Water,Zone Land System,Power-NMOSE,Surface Water Diversions-CA,CA,Internal Transfer,Zone Surface Water,Zone Surface Water,http://purl.org/iow/WaterBudgetingFramework#Power-NMOSE,http://purl.org/iow/WaterBudgetingFramework#SurfaceWaterDiversions-CA,NA
NM,Internal Transfer,Zone Groundwater,Zone Land System,Power-NMOSE,Surface Water Diversions-CA,CA,Internal Transfer,Zone Surface Water,Zone Surface Water,http://purl.org/iow/WaterBudgetingFramework#Power-NMOSE,http://purl.org/iow/WaterBudgetingFramework#SurfaceWaterDiversions-CA,NA
NM,Internal Transfer,Zone Surface Water,Zone Land System,Power-NMOSE,Industrial Total Use-WY,WY,Internal Transfer,Zone Surface Water,Zone Land System,http://purl.org/iow/WaterBudgetingFramework#Power-NMOSE,http://purl.org/iow/WaterBudgetingFramework#IndustrialTotalUse-WY,NA
NM,Internal Transfer,Zone Groundwater,Zone Land System,Power-NMOSE,Industrial Total Use-WY,WY,Internal Transfer,Zone Surface Water,Zone Land System,http://purl.org/iow/WaterBudgetingFramework#Power-NMOSE,http://purl.org/iow/WaterBudgetingFramework#IndustrialTotalUse-WY,NA
NM,Internal Transfer,Zone Surface Water,Zone Land System,Power-NMOSE,Industrial Total Use-WY,WY,Internal Transfer,Zone Groundwater,Zone Land System,http://purl.org/iow/WaterBudgetingFramework#Power-NMOSE,http://purl.org/iow/WaterBudgetingFramework#IndustrialTotalUse-WY,NA
NM,Internal Transfer,Zone Groundwater,Zone Land System,Power-NMOSE,Industrial Total Use-WY,WY,Internal Transfer,Zone Groundwater,Zone Land System,http://purl.org/iow/WaterBudgetingFramework#Power-NMOSE,http://purl.org/iow/WaterBudgetingFramework#IndustrialTotalUse-WY,NA
NM,Internal Transfer,Zone Surface Water,Zone Land System,Power-NMOSE,Industrial Consumptive Use-WY,WY,Outflow,Zone Surface Water,Atmosphere,http://purl.org/iow/WaterBudgetingFramework#Power-NMOSE,http://purl.org/iow/WaterBudgetingFramework#IndustrialConsumptiveUse-WY,NA
NM,Internal Transfer,Zone Groundwater,Zone Land System,Power-NMOSE,Industrial Consumptive Use-WY,WY,Outflow,Zone Surface Water,Atmosphere,http://purl.org/iow/WaterBudgetingFramework#Power-NMOSE,http://purl.org/iow/WaterBudgetingFramework#IndustrialConsumptiveUse-WY,NA
NM,Internal Transfer,Zone Surface Water,Zone Land System,Power-NMOSE,Industrial Consumptive Use-WY,WY,Outflow,Zone Groundwater,Atmosphere,http://purl.org/iow/WaterBudgetingFramework#Power-NMOSE,http://purl.org/iow/WaterBudgetingFramework#IndustrialConsumptiveUse-WY,NA
NM,Internal Transfer,Zone Groundwater,Zone Land System,Power-NMOSE,Industrial Consumptive Use-WY,WY,Outflow,Zone Groundwater,Atmosphere,http://purl.org/iow/WaterBudgetingFramework#Power-NMOSE,http://purl.org/iow/WaterBudgetingFramework#IndustrialConsumptiveUse-WY,NA
NM,Internal Transfer,Zone Surface Water,Zone Land System,Power-NMOSE,Groundwater Extraction-CA,CA,Internal Transfer,Zone Groundwater,Zone Land System,http://purl.org/iow/WaterBudgetingFramework#Power-NMOSE,http://purl.org/iow/WaterBudgetingFramework#GroundwaterExtraction-CA,NA
NM,Internal Transfer,Zone Groundwater,Zone Land System,Power-NMOSE,Groundwater Extraction-CA,CA,Internal Transfer,Zone Groundwater,Zone Land System,http://purl.org/iow/WaterBudgetingFramework#Power-NMOSE,http://purl.org/iow/WaterBudgetingFramework#GroundwaterExtraction-CA,NA
NM,Internal Transfer,Zone Surface Water,Zone Land System,Power-NMOSE,Applied Water-CA,CA,Internal Transfer,Zone Land System,Zone Land System,http://purl.org/iow/WaterBudgetingFramework#Power-NMOSE,http://purl.org/iow/WaterBudgetingFramework#AppliedWater-CA,NA
NM,Internal Transfer,Zone Groundwater,Zone Land System,Power-NMOSE,Applied Water-CA,CA,Internal Transfer,Zone Land System,Zone Land System,http://purl.org/iow/WaterBudgetingFramework#Power-NMOSE,http://purl.org/iow/WaterBudgetingFramework#AppliedWater-CA,NA
CO,Outflow,Zone Surface Water,Atmosphere,Native Vegetation Consumptive Use-CO,Riparian Depletions-UT,UT,Outflow,Zone Land System,Atmosphere,http://purl.org/iow/WaterBudgetingFramework#NativeVegetationConsumptiveUse-CO,http://purl.org/iow/WaterBudgetingFramework#RiparianDepletions-UT,NA
CO,Outflow,Zone Groundwater,Atmosphere,Native Vegetation Consumptive Use-CO,Riparian Depletions-UT,UT,Outflow,Zone Land System,Atmosphere,http://purl.org/iow/WaterBudgetingFramework#NativeVegetationConsumptiveUse-CO,http://purl.org/iow/WaterBudgetingFramework#RiparianDepletions-UT,NA
CO,Outflow,Zone Surface Water,Atmosphere,Native Vegetation Consumptive Use-CO,Natural System Use-UT,UT,Outflow,Zone Surface Water,Atmosphere,http://purl.org/iow/WaterBudgetingFramework#NativeVegetationConsumptiveUse-CO,http://purl.org/iow/WaterBudgetingFramework#NaturalSystemUse-UT,NA
CO,Outflow,Zone Groundwater,Atmosphere,Native Vegetation Consumptive Use-CO,Natural System Use-UT,UT,Outflow,Zone Surface Water,Atmosphere,http://purl.org/iow/WaterBudgetingFramework#NativeVegetationConsumptiveUse-CO,http://purl.org/iow/WaterBudgetingFramework#NaturalSystemUse-UT,NA
CO,Outflow,Zone Surface Water,Atmosphere,Native Vegetation Consumptive Use-CO,Natural System Use-UT,UT,Outflow,Zone Land System,Atmosphere,http://purl.org/iow/WaterBudgetingFramework#NativeVegetationConsumptiveUse-CO,http://purl.org/iow/WaterBudgetingFramework#NaturalSystemUse-UT,NA
CO,Outflow,Zone Groundwater,Atmosphere,Native Vegetation Consumptive Use-CO,Natural System Use-UT,UT,Outflow,Zone Land System,Atmosphere,http://purl.org/iow/WaterBudgetingFramework#NativeVegetationConsumptiveUse-CO,http://purl.org/iow/WaterBudgetingFramework#NaturalSystemUse-UT,NA
CO,Inflow,External Groundwater,Zone Groundwater,Ground Water Inflow-CO,NA,NA,NA,NA,NA,http://purl.org/iow/WaterBudgetingFramework#GroundWaterInflow-CO,NA,NA
WY,NA,Zone Surface Water,Atmosphere,Municipal Consumptive Use-WY,NA,NA,NA,NA,NA,http://purl.org/iow/WaterBudgetingFramework#MunicipalConsumptiveUse-WY,NA,NA
WY,NA,Zone Groundwater,Atmosphere,Municipal Consumptive Use-WY,NA,NA,NA,NA,NA,http://purl.org/iow/WaterBudgetingFramework#MunicipalConsumptiveUse-WY,NA,NA
NM,Internal Transfer,Zone Groundwater,Zone Land System,Self-Supplied Domestic-NMOSE,Surface Water Diversions-CA,CA,Internal Transfer,Zone Surface Water,Zone Surface Water,http://purl.org/iow/WaterBudgetingFramework#Self-SuppliedDomestic-NMOSE,http://purl.org/iow/WaterBudgetingFramework#SurfaceWaterDiversions-CA,NA
NM,Internal Transfer,Zone Groundwater,Zone Land System,Self-Supplied Domestic-NMOSE,Groundwater Extraction-CA,CA,Internal Transfer,Zone Groundwater,Zone Land System,http://purl.org/iow/WaterBudgetingFramework#Self-SuppliedDomestic-NMOSE,http://purl.org/iow/WaterBudgetingFramework#GroundwaterExtraction-CA,NA
CA,Internal Transfer,Zone Surface Water,Zone Surface Water,Surface Water Diversions-CA,NA,NA,NA,NA,NA,http://purl.org/iow/WaterBudgetingFramework#SurfaceWaterDiversions-CA,NA,NA
WY,Inflow,External Surface Water,Zone Surface Water,Gaged Stream Inflow-WY,NA,NA,NA,NA,NA,http://purl.org/iow/WaterBudgetingFramework#GagedStreamInflow-WY,NA,NA
CA,Internal Transfer,Zone Groundwater,Zone Land System,Stored Water Extraction-CA,NA,NA,NA,NA,NA,http://purl.org/iow/WaterBudgetingFramework#StoredWaterExtraction-CA,NA,NA
CO,Storage Change,NA,NA,Change in Surface Water Storage-CO,NA,NA,NA,NA,NA,http://purl.org/iow/WaterBudgetingFramework#ChangeInSurfaceWaterStorage-CO,NA,NA
CO,Outflow,Zone Groundwater,External Groundwater,Ground Water Outflow-CO,NA,NA,NA,NA,NA,http://purl.org/iow/WaterBudgetingFramework#GroundWaterOutflow-CO,NA,NA
CO,Outflow,Zone Land System,Atmosphere,Crop Consumptive Use-CO,NA,NA,NA,NA,NA,http://purl.org/iow/WaterBudgetingFramework#CropConsumptiveUse-CO,NA,NA
WY,Internal Transfer,Zone Surface Water,Zone Land System,Industrial: Miscellaneous-WY,Industrial Total Use-WY,WY,Internal Transfer,Zone Surface Water,Zone Land System,http://purl.org/iow/WaterBudgetingFramework#Industrial%3AMiscellaneous-WY,http://purl.org/iow/WaterBudgetingFramework#IndustrialTotalUse-WY,NA
WY,Internal Transfer,Zone Groundwater,Zone Land System,Industrial: Miscellaneous-WY,Industrial Total Use-WY,WY,Internal Transfer,Zone Surface Water,Zone Land System,http://purl.org/iow/WaterBudgetingFramework#Industrial%3AMiscellaneous-WY,http://purl.org/iow/WaterBudgetingFramework#IndustrialTotalUse-WY,NA
WY,Internal Transfer,Zone Surface Water,Zone Land System,Industrial: Miscellaneous-WY,Industrial Total Use-WY,WY,Internal Transfer,Zone Groundwater,Zone Land System,http://purl.org/iow/WaterBudgetingFramework#Industrial%3AMiscellaneous-WY,http://purl.org/iow/WaterBudgetingFramework#IndustrialTotalUse-WY,NA
WY,Internal Transfer,Zone Groundwater,Zone Land System,Industrial: Miscellaneous-WY,Industrial Total Use-WY,WY,Internal Transfer,Zone Groundwater,Zone Land System,http://purl.org/iow/WaterBudgetingFramework#Industrial%3AMiscellaneous-WY,http://purl.org/iow/WaterBudgetingFramework#IndustrialTotalUse-WY,NA
WY,Internal Transfer,Zone Surface Water,Zone Land System,Industrial: Miscellaneous-WY,Industrial Consumptive Use-WY,WY,Outflow,Zone Surface Water,Atmosphere,http://purl.org/iow/WaterBudgetingFramework#Industrial%3AMiscellaneous-WY,http://purl.org/iow/WaterBudgetingFramework#IndustrialConsumptiveUse-WY,NA
WY,Internal Transfer,Zone Groundwater,Zone Land System,Industrial: Miscellaneous-WY,Industrial Consumptive Use-WY,WY,Outflow,Zone Surface Water,Atmosphere,http://purl.org/iow/WaterBudgetingFramework#Industrial%3AMiscellaneous-WY,http://purl.org/iow/WaterBudgetingFramework#IndustrialConsumptiveUse-WY,NA
WY,Internal Transfer,Zone Surface Water,Zone Land System,Industrial: Miscellaneous-WY,Industrial Consumptive Use-WY,WY,Outflow,Zone Groundwater,Atmosphere,http://purl.org/iow/WaterBudgetingFramework#Industrial%3AMiscellaneous-WY,http://purl.org/iow/WaterBudgetingFramework#IndustrialConsumptiveUse-WY,NA
WY,Internal Transfer,Zone Groundwater,Zone Land System,Industrial: Miscellaneous-WY,Industrial Consumptive Use-WY,WY,Outflow,Zone Groundwater,Atmosphere,http://purl.org/iow/WaterBudgetingFramework#Industrial%3AMiscellaneous-WY,http://purl.org/iow/WaterBudgetingFramework#IndustrialConsumptiveUse-WY,NA
CA,Storage Change,NA,NA,Change in Groundwater Storage-CA,NA,NA,NA,NA,NA,http://purl.org/iow/WaterBudgetingFramework#ChangeInGroundwaterStorage-CA,NA,NA
UT,Internal Transfer,Zone Surface Water,Zone Land System,River Use By Wet Pasture-UT,NA,NA,NA,NA,NA,http://purl.org/iow/WaterBudgetingFramework#RiverUseByWetPasture-UT,NA,NA
NM,NA,NA,NA,Power: Unreported-NMOSE,NA,NA,NA,NA,NA,http://purl.org/iow/WaterBudgetingFramework#Power%3AUnreported-NMOSE,NA,NA
CA,Outflow,Zone Groundwater,External Groundwater,Groundwater Export-CA,NA,NA,NA,NA,NA,http://purl.org/iow/WaterBudgetingFramework#GroundwaterExport-CA,NA,NA
UT,Internal Transfer,Zone Groundwater,Zone Land System,Pumped Groundwater-UT,NA,NA,NA,NA,NA,http://purl.org/iow/WaterBudgetingFramework#PumpedGroundwater-UT,NA,NA
NM,NA,NA,NA,Public Water Supply: Unmetered-NMOSE,NA,NA,NA,NA,NA,http://purl.org/iow/WaterBudgetingFramework#PublicWaterSupply%3AUnmetered-NMOSE,NA,NA
CA,Internal Transfer,Zone Land System,Zone Land System,Applied Water-CA,NA,NA,NA,NA,NA,http://purl.org/iow/WaterBudgetingFramework#AppliedWater-CA,NA,NA
CA,Outflow,Zone Surface Water,Atmosphere,Lake Evaporation-CA,NA,NA,NA,NA,NA,http://purl.org/iow/WaterBudgetingFramework#LakeEvaporation-CA,NA,NA
CA,Inflow,External Surface Water,Zone Surface Water,Stream Inflow-CA,NA,NA,NA,NA,NA,http://purl.org/iow/WaterBudgetingFramework#StreamInflow-CA,NA,NA
WY,Internal Transfer,Zone Surface Water,Zone Land System,Industrial Total Use-WY,Surface Water Delivery-CA,CA,Internal Transfer,Zone Surface Water,Zone Land System,http://purl.org/iow/WaterBudgetingFramework#IndustrialTotalUse-WY,http://purl.org/iow/WaterBudgetingFramework#SurfaceWaterDelivery-CA,NA
WY,Internal Transfer,Zone Groundwater,Zone Land System,Industrial Total Use-WY,Surface Water Delivery-CA,CA,Internal Transfer,Zone Surface Water,Zone Land System,http://purl.org/iow/WaterBudgetingFramework#IndustrialTotalUse-WY,http://purl.org/iow/WaterBudgetingFramework#SurfaceWaterDelivery-CA,NA
WY,Internal Transfer,Zone Surface Water,Zone Land System,Industrial Total Use-WY,Municipal and Industrial Consumptive Use-CO,CO,Outflow,Zone Surface Water,Atmosphere,http://purl.org/iow/WaterBudgetingFramework#IndustrialTotalUse-WY,http://purl.org/iow/WaterBudgetingFramework#MunicipalAndIndustrialConsumptiveUse-CO,NA
WY,Internal Transfer,Zone Groundwater,Zone Land System,Industrial Total Use-WY,Municipal and Industrial Consumptive Use-CO,CO,Outflow,Zone Surface Water,Atmosphere,http://purl.org/iow/WaterBudgetingFramework#IndustrialTotalUse-WY,http://purl.org/iow/WaterBudgetingFramework#MunicipalAndIndustrialConsumptiveUse-CO,NA
WY,Internal Transfer,Zone Surface Water,Zone Land System,Industrial Total Use-WY,Municipal and Industrial Consumptive Use-CO,CO,Outflow,Zone Groundwater,Atmosphere,http://purl.org/iow/WaterBudgetingFramework#IndustrialTotalUse-WY,http://purl.org/iow/WaterBudgetingFramework#MunicipalAndIndustrialConsumptiveUse-CO,NA
WY,Internal Transfer,Zone Groundwater,Zone Land System,Industrial Total Use-WY,Municipal and Industrial Consumptive Use-CO,CO,Outflow,Zone Groundwater,Atmosphere,http://purl.org/iow/WaterBudgetingFramework#IndustrialTotalUse-WY,http://purl.org/iow/WaterBudgetingFramework#MunicipalAndIndustrialConsumptiveUse-CO,NA
WY,Internal Transfer,Zone Surface Water,Zone Land System,Industrial Total Use-WY,Groundwater Extraction-CA,CA,Internal Transfer,Zone Groundwater,Zone Land System,http://purl.org/iow/WaterBudgetingFramework#IndustrialTotalUse-WY,http://purl.org/iow/WaterBudgetingFramework#GroundwaterExtraction-CA,NA
WY,Internal Transfer,Zone Groundwater,Zone Land System,Industrial Total Use-WY,Groundwater Extraction-CA,CA,Internal Transfer,Zone Groundwater,Zone Land System,http://purl.org/iow/WaterBudgetingFramework#IndustrialTotalUse-WY,http://purl.org/iow/WaterBudgetingFramework#GroundwaterExtraction-CA,NA
CA,Internal Transfer,Zone Land System,Zone Surface Water,Runoff-CA,NA,NA,NA,NA,NA,http://purl.org/iow/WaterBudgetingFramework#Runoff-CA,NA,NA
CA,Inflow,External Surface Water,Zone Surface Water,Imported Water-CA,NA,NA,NA,NA,NA,http://purl.org/iow/WaterBudgetingFramework#ImportedWater-CA,NA,NA
NM,Internal Transfer,Zone Surface Water,Zone Land System,Livestock-NMOSE,Surface Water Diversions-CA,CA,Internal Transfer,Zone Surface Water,Zone Surface Water,http://purl.org/iow/WaterBudgetingFramework#Livestock-NMOSE,http://purl.org/iow/WaterBudgetingFramework#SurfaceWaterDiversions-CA,NA
NM,Internal Transfer,Zone Groundwater,Zone Land System,Livestock-NMOSE,Surface Water Diversions-CA,CA,Internal Transfer,Zone Surface Water,Zone Surface Water,http://purl.org/iow/WaterBudgetingFramework#Livestock-NMOSE,http://purl.org/iow/WaterBudgetingFramework#SurfaceWaterDiversions-CA,NA
NM,Internal Transfer,Zone Surface Water,Zone Land System,Livestock-NMOSE,Groundwater Extraction-CA,CA,Internal Transfer,Zone Groundwater,Zone Land System,http://purl.org/iow/WaterBudgetingFramework#Livestock-NMOSE,http://purl.org/iow/WaterBudgetingFramework#GroundwaterExtraction-CA,NA
NM,Internal Transfer,Zone Groundwater,Zone Land System,Livestock-NMOSE,Groundwater Extraction-CA,CA,Internal Transfer,Zone Groundwater,Zone Land System,http://purl.org/iow/WaterBudgetingFramework#Livestock-NMOSE,http://purl.org/iow/WaterBudgetingFramework#GroundwaterExtraction-CA,NA
NM,Internal Transfer,Zone Surface Water,Zone Land System,Livestock-NMOSE,Applied Water-CA,CA,Internal Transfer,Zone Land System,Zone Land System,http://purl.org/iow/WaterBudgetingFramework#Livestock-NMOSE,http://purl.org/iow/WaterBudgetingFramework#AppliedWater-CA,NA
NM,Internal Transfer,Zone Groundwater,Zone Land System,Livestock-NMOSE,Applied Water-CA,CA,Internal Transfer,Zone Land System,Zone Land System,http://purl.org/iow/WaterBudgetingFramework#Livestock-NMOSE,http://purl.org/iow/WaterBudgetingFramework#AppliedWater-CA,NA
NM,Outflow,Zone Surface Water,Zone Land System,Irrigated Agriculture-NMOSE,NA,NA,NA,NA,NA,http://purl.org/iow/WaterBudgetingFramework#IrrigatedAgriculture-NMOSE,NA,NA
NM,Outflow,Zone Surface Water,Atmosphere,Irrigated Agriculture-NMOSE,NA,NA,NA,NA,NA,http://purl.org/iow/WaterBudgetingFramework#IrrigatedAgriculture-NMOSE,NA,NA
NM,Outflow,Zone Groundwater,Zone Land System,Irrigated Agriculture-NMOSE,NA,NA,NA,NA,NA,http://purl.org/iow/WaterBudgetingFramework#IrrigatedAgriculture-NMOSE,NA,NA
NM,Outflow,Zone Groundwater,Atmosphere,Irrigated Agriculture-NMOSE,NA,NA,NA,NA,NA,http://purl.org/iow/WaterBudgetingFramework#IrrigatedAgriculture-NMOSE,NA,NA
NM,Internal Transfer,Zone Surface Water,Zone Land System,Irrigated Agriculture-NMOSE,NA,NA,NA,NA,NA,http://purl.org/iow/WaterBudgetingFramework#IrrigatedAgriculture-NMOSE,NA,NA
NM,Internal Transfer,Zone Surface Water,Atmosphere,Irrigated Agriculture-NMOSE,NA,NA,NA,NA,NA,http://purl.org/iow/WaterBudgetingFramework#IrrigatedAgriculture-NMOSE,NA,NA
NM,Internal Transfer,Zone Groundwater,Zone Land System,Irrigated Agriculture-NMOSE,NA,NA,NA,NA,NA,http://purl.org/iow/WaterBudgetingFramework#IrrigatedAgriculture-NMOSE,NA,NA
NM,Internal Transfer,Zone Groundwater,Atmosphere,Irrigated Agriculture-NMOSE,NA,NA,NA,NA,NA,http://purl.org/iow/WaterBudgetingFramework#IrrigatedAgriculture-NMOSE,NA,NA
NM,NA,NA,NA,Public Water Supply: Metered-NMOSE,NA,NA,NA,NA,NA,http://purl.org/iow/WaterBudgetingFramework#PublicWaterSupply%3AMetered-NMOSE,NA,NA
NM,Outflow,Zone Surface Water,Atmosphere,Evaporation from Reservoirs-NMOSE,Lake Evaporation-CA,CA,Outflow,Zone Surface Water,Atmosphere,http://purl.org/iow/WaterBudgetingFramework#EvaporationFromReservoirs-NMOSE,http://purl.org/iow/WaterBudgetingFramework#LakeEvaporation-CA,NA
UT,Inflow,External Surface Water,Zone Surface Water,River Inflow-UT,Ungaged Surface Water Inflow-CO,CO,Inflow,External Surface Water,Zone Surface Water,http://purl.org/iow/WaterBudgetingFramework#RiverInflow-UT,http://purl.org/iow/WaterBudgetingFramework#UngagedSurfaceWaterInflow-CO,NA
UT,Inflow,External Surface Water,Zone Surface Water,River Inflow-UT,Gaged Stream Inflow-WY,WY,Inflow,External Surface Water,Zone Surface Water,http://purl.org/iow/WaterBudgetingFramework#RiverInflow-UT,http://purl.org/iow/WaterBudgetingFramework#GagedStreamInflow-WY,NA
UT,Outflow,Zone Land System,Atmosphere,Riparian Depletions-UT,NA,NA,NA,NA,NA,http://purl.org/iow/WaterBudgetingFramework#RiparianDepletions-UT,NA,NA
UT,Outflow,Zone Surface Water,External Surface Water,Area Outflows-UT,Stream Outflow-CA,CA,Outflow,Zone Surface Water,External Surface Water,http://purl.org/iow/WaterBudgetingFramework#AreaOutflows,http://purl.org/iow/WaterBudgetingFramework#StreamOutfow-CA,NA
UT,Outflow,Zone Land System,External Surface Water,Area Outflows-UT,Stream Outflow-CA,CA,Outflow,Zone Surface Water,External Surface Water,http://purl.org/iow/WaterBudgetingFramework#AreaOutflows,http://purl.org/iow/WaterBudgetingFramework#StreamOutfow-CA,NA
UT,Outflow,Zone Surface Water,External Surface Water,Area Outflows-UT,Gaged Stream Outflow-WY,WY,Outflow,Zone Surface Water,Zone Surface Water,http://purl.org/iow/WaterBudgetingFramework#AreaOutflows,http://purl.org/iow/WaterBudgetingFramework#GagedStreamOutflow-WY,NA
UT,Outflow,Zone Land System,External Surface Water,Area Outflows-UT,Gaged Stream Outflow-WY,WY,Outflow,Zone Surface Water,Zone Surface Water,http://purl.org/iow/WaterBudgetingFramework#AreaOutflows,http://purl.org/iow/WaterBudgetingFramework#GagedStreamOutflow-WY,NA
CO,Storage Change,NA,NA,Change in Ground Water Storage-CO,NA,NA,NA,NA,NA,http://purl.org/iow/WaterBudgetingFramework#ChangeInGroundWaterStorage-CO,NA,NA
CA,NA,NA,NA,Total Land System Outflow-CA,NA,NA,NA,NA,NA,http://purl.org/iow/WaterBudgetingFramework#TotalLandSystemOutflow-CA,NA,NA
NM,Internal Transfer,Zone Land System,Zone Surface Water,Surface Water Returns-NM,NA,NA,NA,NA,NA,http://purl.org/iow/WaterBudgetingFramework#SurfaceWaterReturns-NM,NA,NA
WY,Inflow,External Groundwater,Zone Surface Water,Ungaged Stream Gains-WY,NA,NA,NA,NA,NA,http://purl.org/iow/WaterBudgetingFramework#UngagedStreamGains-WY,NA,NA
NM,Internal Transfer,Zone Land System,Zone Groundwater,Recharge-NM,NA,NA,NA,NA,NA,http://purl.org/iow/WaterBudgetingFramework#Recharge-NM,NA,NA
CA,Outflow,Zone Surface Water,External Surface Water,Surface Water Exports-CA,NA,NA,NA,NA,NA,http://purl.org/iow/WaterBudgetingFramework#SurfaceWaterExports-CA,NA,NA
NM,Outflow,Zone Land System,Atmosphere,Irrigated Agriculture Depletions-NMOSE,Applied Water-CA,CA,Internal Transfer,Zone Land System,Zone Land System,http://purl.org/iow/WaterBudgetingFramework#IrrigatedAgricultureDepletions-NMOSE,http://purl.org/iow/WaterBudgetingFramework#AppliedWater-CA,NA
NM,Outflow,Zone Land System,Atmosphere,Irrigated Agriculture Depletions-NMOSE,Agricultural and Municipal Depletions-UT,UT,Outflow,Zone Surface Water,Atmosphere,http://purl.org/iow/WaterBudgetingFramework#IrrigatedAgricultureDepletions-NMOSE,http://purl.org/iow/WaterBudgetingFramework#AgriculturalAndMunicipalDepletions-UT,NA
NM,Outflow,Zone Land System,Atmosphere,Irrigated Agriculture Depletions-NMOSE,Agricultural and Municipal Depletions-UT,UT,Outflow,Zone Groundwater,Atmosphere,http://purl.org/iow/WaterBudgetingFramework#IrrigatedAgricultureDepletions-NMOSE,http://purl.org/iow/WaterBudgetingFramework#AgriculturalAndMunicipalDepletions-UT,NA
CA,Internal Transfer,Zone Surface Water,Zone Groundwater,Conveyance Seepage-CA,NA,NA,NA,NA,NA,http://purl.org/iow/WaterBudgetingFramework#ConveyanceSeepage-CA,NA,NA
CA,Internal Transfer,Zone Land System,Zone Groundwater,Recharge of Applied Water-CA,NA,NA,NA,NA,NA,http://purl.org/iow/WaterBudgetingFramework#RechargeOfAppliedWater-CA,NA,NA
CA,Storage Change,NA,NA,Change in Surface Water Storage-CA,NA,NA,NA,NA,NA,http://purl.org/iow/WaterBudgetingFramework#ChangeInSurfaceWaterStorage-CA,NA,NA
WY,Internal Transfer,Zone Surface Water,Zone Land System,Industrial: Mine Production-WY,Industrial Total Use-WY,WY,Internal Transfer,Zone Surface Water,Zone Land System,http://purl.org/iow/WaterBudgetingFramework#Industrial%3AMineProduction-WY,http://purl.org/iow/WaterBudgetingFramework#IndustrialTotalUse-WY,NA
WY,Internal Transfer,Zone Groundwater,Zone Land System,Industrial: Mine Production-WY,Industrial Total Use-WY,WY,Internal Transfer,Zone Surface Water,Zone Land System,http://purl.org/iow/WaterBudgetingFramework#Industrial%3AMineProduction-WY,http://purl.org/iow/WaterBudgetingFramework#IndustrialTotalUse-WY,NA
WY,Internal Transfer,Zone Surface Water,Zone Land System,Industrial: Mine Production-WY,Industrial Total Use-WY,WY,Internal Transfer,Zone Groundwater,Zone Land System,http://purl.org/iow/WaterBudgetingFramework#Industrial%3AMineProduction-WY,http://purl.org/iow/WaterBudgetingFramework#IndustrialTotalUse-WY,NA
WY,Internal Transfer,Zone Groundwater,Zone Land System,Industrial: Mine Production-WY,Industrial Total Use-WY,WY,Internal Transfer,Zone Groundwater,Zone Land System,http://purl.org/iow/WaterBudgetingFramework#Industrial%3AMineProduction-WY,http://purl.org/iow/WaterBudgetingFramework#IndustrialTotalUse-WY,NA
WY,Internal Transfer,Zone Surface Water,Zone Land System,Industrial: Mine Production-WY,Industrial Consumptive Use-WY,WY,Outflow,Zone Surface Water,Atmosphere,http://purl.org/iow/WaterBudgetingFramework#Industrial%3AMineProduction-WY,http://purl.org/iow/WaterBudgetingFramework#IndustrialConsumptiveUse-WY,NA
WY,Internal Transfer,Zone Groundwater,Zone Land System,Industrial: Mine Production-WY,Industrial Consumptive Use-WY,WY,Outflow,Zone Surface Water,Atmosphere,http://purl.org/iow/WaterBudgetingFramework#Industrial%3AMineProduction-WY,http://purl.org/iow/WaterBudgetingFramework#IndustrialConsumptiveUse-WY,NA
WY,Internal Transfer,Zone Surface Water,Zone Land System,Industrial: Mine Production-WY,Industrial Consumptive Use-WY,WY,Outflow,Zone Groundwater,Atmosphere,http://purl.org/iow/WaterBudgetingFramework#Industrial%3AMineProduction-WY,http://purl.org/iow/WaterBudgetingFramework#IndustrialConsumptiveUse-WY,NA
WY,Internal Transfer,Zone Groundwater,Zone Land System,Industrial: Mine Production-WY,Industrial Consumptive Use-WY,WY,Outflow,Zone Groundwater,Atmosphere,http://purl.org/iow/WaterBudgetingFramework#Industrial%3AMineProduction-WY,http://purl.org/iow/WaterBudgetingFramework#IndustrialConsumptiveUse-WY,NA
UT,Internal Transfer,Zone Surface Water,Zone Land System,Surface Diversion to Cropland-UT,NA,NA,NA,NA,NA,http://purl.org/iow/WaterBudgetingFramework#SurfaceDiversionToCropland-UT,NA,NA
UT,Internal Transfer,Zone Surface Water,Zone Land System,Municipal and Industrial Diversions-UT,Surface Water Diversions-CA,CA,Internal Transfer,Zone Surface Water,Zone Surface Water,http://purl.org/iow/WaterBudgetingFramework#MunicipalAndIndustrialDiversions-UT,http://purl.org/iow/WaterBudgetingFramework#SurfaceWaterDiversions-CA,NA
UT,Internal Transfer,Zone Groundwater,Zone Land System,Municipal and Industrial Diversions-UT,Surface Water Diversions-CA,CA,Internal Transfer,Zone Surface Water,Zone Surface Water,http://purl.org/iow/WaterBudgetingFramework#MunicipalAndIndustrialDiversions-UT,http://purl.org/iow/WaterBudgetingFramework#SurfaceWaterDiversions-CA,NA
UT,Internal Transfer,Zone Surface Water,Zone Land System,Municipal and Industrial Diversions-UT,Industrial Total Use-WY,WY,Internal Transfer,Zone Surface Water,Zone Land System,http://purl.org/iow/WaterBudgetingFramework#MunicipalAndIndustrialDiversions-UT,http://purl.org/iow/WaterBudgetingFramework#IndustrialTotalUse-WY,NA
UT,Internal Transfer,Zone Groundwater,Zone Land System,Municipal and Industrial Diversions-UT,Industrial Total Use-WY,WY,Internal Transfer,Zone Surface Water,Zone Land System,http://purl.org/iow/WaterBudgetingFramework#MunicipalAndIndustrialDiversions-UT,http://purl.org/iow/WaterBudgetingFramework#IndustrialTotalUse-WY,NA
UT,Internal Transfer,Zone Surface Water,Zone Land System,Municipal and Industrial Diversions-UT,Industrial Total Use-WY,WY,Internal Transfer,Zone Groundwater,Zone Land System,http://purl.org/iow/WaterBudgetingFramework#MunicipalAndIndustrialDiversions-UT,http://purl.org/iow/WaterBudgetingFramework#IndustrialTotalUse-WY,NA
UT,Internal Transfer,Zone Groundwater,Zone Land System,Municipal and Industrial Diversions-UT,Industrial Total Use-WY,WY,Internal Transfer,Zone Groundwater,Zone Land System,http://purl.org/iow/WaterBudgetingFramework#MunicipalAndIndustrialDiversions-UT,http://purl.org/iow/WaterBudgetingFramework#IndustrialTotalUse-WY,NA
UT,Internal Transfer,Zone Surface Water,Zone Land System,Municipal and Industrial Diversions-UT,Industrial Consumptive Use-WY,WY,Outflow,Zone Surface Water,Atmosphere,http://purl.org/iow/WaterBudgetingFramework#MunicipalAndIndustrialDiversions-UT,http://purl.org/iow/WaterBudgetingFramework#IndustrialConsumptiveUse-WY,NA
UT,Internal Transfer,Zone Groundwater,Zone Land System,Municipal and Industrial Diversions-UT,Industrial Consumptive Use-WY,WY,Outflow,Zone Surface Water,Atmosphere,http://purl.org/iow/WaterBudgetingFramework#MunicipalAndIndustrialDiversions-UT,http://purl.org/iow/WaterBudgetingFramework#IndustrialConsumptiveUse-WY,NA
UT,Internal Transfer,Zone Surface Water,Zone Land System,Municipal and Industrial Diversions-UT,Industrial Consumptive Use-WY,WY,Outflow,Zone Groundwater,Atmosphere,http://purl.org/iow/WaterBudgetingFramework#MunicipalAndIndustrialDiversions-UT,http://purl.org/iow/WaterBudgetingFramework#IndustrialConsumptiveUse-WY,NA
UT,Internal Transfer,Zone Groundwater,Zone Land System,Municipal and Industrial Diversions-UT,Industrial Consumptive Use-WY,WY,Outflow,Zone Groundwater,Atmosphere,http://purl.org/iow/WaterBudgetingFramework#MunicipalAndIndustrialDiversions-UT,http://purl.org/iow/WaterBudgetingFramework#IndustrialConsumptiveUse-WY,NA
UT,Internal Transfer,Zone Surface Water,Zone Land System,Municipal and Industrial Diversions-UT,Groundwater Extraction-CA,CA,Internal Transfer,Zone Groundwater,Zone Land System,http://purl.org/iow/WaterBudgetingFramework#MunicipalAndIndustrialDiversions-UT,http://purl.org/iow/WaterBudgetingFramework#GroundwaterExtraction-CA,NA
UT,Internal Transfer,Zone Groundwater,Zone Land System,Municipal and Industrial Diversions-UT,Groundwater Extraction-CA,CA,Internal Transfer,Zone Groundwater,Zone Land System,http://purl.org/iow/WaterBudgetingFramework#MunicipalAndIndustrialDiversions-UT,http://purl.org/iow/WaterBudgetingFramework#GroundwaterExtraction-CA,NA
UT,Internal Transfer,Zone Surface Water,Zone Land System,Municipal and Industrial Diversions-UT,Applied Water-CA,CA,Internal Transfer,Zone Land System,Zone Land System,http://purl.org/iow/WaterBudgetingFramework#MunicipalAndIndustrialDiversions-UT,http://purl.org/iow/WaterBudgetingFramework#AppliedWater-CA,NA
UT,Internal Transfer,Zone Groundwater,Zone Land System,Municipal and Industrial Diversions-UT,Applied Water-CA,CA,Internal Transfer,Zone Land System,Zone Land System,http://purl.org/iow/WaterBudgetingFramework#MunicipalAndIndustrialDiversions-UT,http://purl.org/iow/WaterBudgetingFramework#AppliedWater-CA,NA
WY,Internal Transfer,Zone Surface Water,Zone Land System,Total Diversions-WY,NA,NA,NA,NA,NA,http://purl.org/iow/WaterBudgetingFramework#TotalDiversions-WY,NA,NA
NM,Internal Transfer,Zone Surface Water,Zone Land System,Surface Water Diversions-NM,NA,NA,NA,NA,NA,http://purl.org/iow/WaterBudgetingFramework#SurfaceWaterDiversions-NM,NA,NA
CA,Inflow,Atmosphere,Zone Surface Water,Precipitation on Lakes-CA,NA,NA,NA,NA,NA,http://purl.org/iow/WaterBudgetingFramework#PrecipitationOnLakes-CA,NA,NA
CA,NA,NA,NA,Total Surface Water Outflow-CA,NA,NA,NA,NA,NA,http://purl.org/iow/WaterBudgetingFramework#TotalSurfaceWaterOutflow-CA,NA,NA
CA,Internal Transfer,Zone Land System,Zone Groundwater,Managed Aquifer Recharge-CA,NA,NA,NA,NA,NA,http://purl.org/iow/WaterBudgetingFramework#ManagedAquiferRecharge-CA,NA,NA
WY,Outflow,Zone Surface Water,Atmosphere,Industrial Consumptive Use-WY,Surface Water Diversions-CA,CA,Internal Transfer,Zone Surface Water,Zone Surface Water,http://purl.org/iow/WaterBudgetingFramework#IndustrialConsumptiveUse-WY,http://purl.org/iow/WaterBudgetingFramework#SurfaceWaterDiversions-CA,NA
WY,Outflow,Zone Groundwater,Atmosphere,Industrial Consumptive Use-WY,Surface Water Diversions-CA,CA,Internal Transfer,Zone Surface Water,Zone Surface Water,http://purl.org/iow/WaterBudgetingFramework#IndustrialConsumptiveUse-WY,http://purl.org/iow/WaterBudgetingFramework#SurfaceWaterDiversions-CA,NA
WY,Outflow,Zone Surface Water,Atmosphere,Industrial Consumptive Use-WY,Groundwater Extraction-CA,CA,Internal Transfer,Zone Groundwater,Zone Land System,http://purl.org/iow/WaterBudgetingFramework#IndustrialConsumptiveUse-WY,http://purl.org/iow/WaterBudgetingFramework#GroundwaterExtraction-CA,NA
WY,Outflow,Zone Groundwater,Atmosphere,Industrial Consumptive Use-WY,Groundwater Extraction-CA,CA,Internal Transfer,Zone Groundwater,Zone Land System,http://purl.org/iow/WaterBudgetingFramework#IndustrialConsumptiveUse-WY,http://purl.org/iow/WaterBudgetingFramework#GroundwaterExtraction-CA,NA
NM,Internal Transfer,Zone Groundwater,Zone Land System,Groundwater Diversions-NM,NA,NA,NA,NA,NA,http://purl.org/iow/WaterBudgetingFramework#GroundwaterDiversions-NM,NA,NA
NM,Outflow,Zone Land System,Atmosphere,Land Surface Evapotranspiration-NM,NA,NA,NA,NA,NA,http://purl.org/iow/WaterBudgetingFramework#LandSurfaceExapotranspiration-NM,NA,NA
CA,Outflow,Zone Land System,Atmosphere,Evapotranspiration-CA,NA,NA,NA,NA,NA,http://purl.org/iow/WaterBudgetingFramework#Evapotranspiration-CA,NA,NA
UT,Outflow,Zone Land System,Atmosphere,Agricultural Depletions-UT,Surface Diversion to Cropland-UT,UT,Internal Transfer,Zone Surface Water,Zone Land System,http://purl.org/iow/WaterBudgetingFramework#AgriculturalDepletions-UT,http://purl.org/iow/WaterBudgetingFramework#SurfaceDiversionToCropland-UT,NA
UT,Outflow,Zone Groundwater,Atmosphere,Agricultural Depletions-UT,Surface Diversion to Cropland-UT,UT,Internal Transfer,Zone Surface Water,Zone Land System,http://purl.org/iow/WaterBudgetingFramework#AgriculturalDepletions-UT,http://purl.org/iow/WaterBudgetingFramework#SurfaceDiversionToCropland-UT,NA
UT,Outflow,Zone Land System,Atmosphere,Agricultural Depletions-UT,Applied Water-CA,CA,Internal Transfer,Zone Land System,Zone Land System,http://purl.org/iow/WaterBudgetingFramework#AgriculturalDepletions-UT,http://purl.org/iow/WaterBudgetingFramework#AppliedWater-CA,NA
UT,Outflow,Zone Groundwater,Atmosphere,Agricultural Depletions-UT,Applied Water-CA,CA,Internal Transfer,Zone Land System,Zone Land System,http://purl.org/iow/WaterBudgetingFramework#AgriculturalDepletions-UT,http://purl.org/iow/WaterBudgetingFramework#AppliedWater-CA,NA
CO,NA,External Surface Water,Zone Surface Water,Gaged Surface Water Inflow-CO,Stream Inflow-CA,CA,Inflow,External Surface Water,Zone Surface Water,http://purl.org/iow/WaterBudgetingFramework#GagedSurfaceWaterInflow-CO,http://purl.org/iow/WaterBudgetingFramework#StreamInflow-CA,NA
NM,NA,NA,NA,Commercial: Schools-NMOSE,NA,NA,NA,NA,NA,http://purl.org/iow/WaterBudgetingFramework#Commercial%3ASchools-NMOSE,NA,NA
WY,Inflow,Atmosphere,Zone Surface Water,Precipitation-WY,Precipitation on Lakes-CA,CA,Inflow,Atmosphere,Zone Surface Water,http://purl.org/iow/WaterBudgetingFramework#Precipitation-WY,http://purl.org/iow/WaterBudgetingFramework#PrecipitationOnLakes-CA,NA
CA,Outflow,Zone Surface Water,Atmosphere,Conveyance Evaporation-CA,NA,NA,NA,NA,NA,http://purl.org/iow/WaterBudgetingFramework#ConveyanceEvaporation-CA,NA,NA
NM,Internal Transfer,Zone Surface Water,Zone Land System,Irrigated Agriculture Diversions-NMOSE,Surface Water Diversions-CA,CA,Internal Transfer,Zone Surface Water,Zone Surface Water,http://purl.org/iow/WaterBudgetingFramework#IrrigatedAgricultureDiversions-NMOSE,http://purl.org/iow/WaterBudgetingFramework#SurfaceWaterDiversions-CA,NA
NM,Internal Transfer,Zone Groundwater,Zone Land System,Irrigated Agriculture Diversions-NMOSE,Surface Water Diversions-CA,CA,Internal Transfer,Zone Surface Water,Zone Surface Water,http://purl.org/iow/WaterBudgetingFramework#IrrigatedAgricultureDiversions-NMOSE,http://purl.org/iow/WaterBudgetingFramework#SurfaceWaterDiversions-CA,NA
NM,Internal Transfer,Zone Surface Water,Zone Land System,Irrigated Agriculture Diversions-NMOSE,Irrigation Surface Water Diversions-WY,WY,Internal Transfer,Zone Surface Water,Zone Land System,http://purl.org/iow/WaterBudgetingFramework#IrrigatedAgricultureDiversions-NMOSE,http://purl.org/iow/WaterBudgetingFramework#IrrigationSurfaceWaterDiversions-WY,NA
NM,Internal Transfer,Zone Groundwater,Zone Land System,Irrigated Agriculture Diversions-NMOSE,Irrigation Surface Water Diversions-WY,WY,Internal Transfer,Zone Surface Water,Zone Land System,http://purl.org/iow/WaterBudgetingFramework#IrrigatedAgricultureDiversions-NMOSE,http://purl.org/iow/WaterBudgetingFramework#IrrigationSurfaceWaterDiversions-WY,NA
NM,Internal Transfer,Zone Surface Water,Zone Land System,Irrigated Agriculture Diversions-NMOSE,Groundwater Extraction-CA,CA,Internal Transfer,Zone Groundwater,Zone Land System,http://purl.org/iow/WaterBudgetingFramework#IrrigatedAgricultureDiversions-NMOSE,http://purl.org/iow/WaterBudgetingFramework#GroundwaterExtraction-CA,NA
NM,Internal Transfer,Zone Groundwater,Zone Land System,Irrigated Agriculture Diversions-NMOSE,Groundwater Extraction-CA,CA,Internal Transfer,Zone Groundwater,Zone Land System,http://purl.org/iow/WaterBudgetingFramework#IrrigatedAgricultureDiversions-NMOSE,http://purl.org/iow/WaterBudgetingFramework#GroundwaterExtraction-CA,NA
CO,Outflow,Zone Surface Water,Atmosphere,Livestock Consumptive Use-CO,Surface Water Diversions-CA,CA,Internal Transfer,Zone Surface Water,Zone Surface Water,http://purl.org/iow/WaterBudgetingFramework#LivestockConsumptiveUse-CO,http://purl.org/iow/WaterBudgetingFramework#SurfaceWaterDiversions-CA,NA
CO,Outflow,Zone Groundwater,Atmosphere,Livestock Consumptive Use-CO,Surface Water Diversions-CA,CA,Internal Transfer,Zone Surface Water,Zone Surface Water,http://purl.org/iow/WaterBudgetingFramework#LivestockConsumptiveUse-CO,http://purl.org/iow/WaterBudgetingFramework#SurfaceWaterDiversions-CA,NA
CO,Outflow,Zone Surface Water,Atmosphere,Livestock Consumptive Use-CO,Groundwater Extraction-CA,CA,Internal Transfer,Zone Groundwater,Zone Land System,http://purl.org/iow/WaterBudgetingFramework#LivestockConsumptiveUse-CO,http://purl.org/iow/WaterBudgetingFramework#GroundwaterExtraction-CA,NA
CO,Outflow,Zone Groundwater,Atmosphere,Livestock Consumptive Use-CO,Groundwater Extraction-CA,CA,Internal Transfer,Zone Groundwater,Zone Land System,http://purl.org/iow/WaterBudgetingFramework#LivestockConsumptiveUse-CO,http://purl.org/iow/WaterBudgetingFramework#GroundwaterExtraction-CA,NA
CO,Outflow,Zone Surface Water,Atmosphere,Livestock Consumptive Use-CO,Applied Water-CA,CA,Internal Transfer,Zone Land System,Zone Land System,http://purl.org/iow/WaterBudgetingFramework#LivestockConsumptiveUse-CO,http://purl.org/iow/WaterBudgetingFramework#AppliedWater-CA,NA
CO,Outflow,Zone Groundwater,Atmosphere,Livestock Consumptive Use-CO,Applied Water-CA,CA,Internal Transfer,Zone Land System,Zone Land System,http://purl.org/iow/WaterBudgetingFramework#LivestockConsumptiveUse-CO,http://purl.org/iow/WaterBudgetingFramework#AppliedWater-CA,NA
CO,Outflow,Zone Surface Water,Atmosphere,Livestock Consumptive Use-CO,Agricultural Depletions-UT,UT,Outflow,Zone Land System,Atmosphere,http://purl.org/iow/WaterBudgetingFramework#LivestockConsumptiveUse-CO,http://purl.org/iow/WaterBudgetingFramework#AgriculturalDepletions-UT,NA
CO,Outflow,Zone Groundwater,Atmosphere,Livestock Consumptive Use-CO,Agricultural Depletions-UT,UT,Outflow,Zone Land System,Atmosphere,http://purl.org/iow/WaterBudgetingFramework#LivestockConsumptiveUse-CO,http://purl.org/iow/WaterBudgetingFramework#AgriculturalDepletions-UT,NA
CO,Outflow,Zone Surface Water,Atmosphere,Livestock Consumptive Use-CO,Agricultural Depletions-UT,UT,Outflow,Zone Groundwater,Atmosphere,http://purl.org/iow/WaterBudgetingFramework#LivestockConsumptiveUse-CO,http://purl.org/iow/WaterBudgetingFramework#AgriculturalDepletions-UT,NA
CO,Outflow,Zone Groundwater,Atmosphere,Livestock Consumptive Use-CO,Agricultural Depletions-UT,UT,Outflow,Zone Groundwater,Atmosphere,http://purl.org/iow/WaterBudgetingFramework#LivestockConsumptiveUse-CO,http://purl.org/iow/WaterBudgetingFramework#AgriculturalDepletions-UT,NA
CO,Outflow,Zone Surface Water,Atmosphere,Livestock Consumptive Use-CO,Agricultural and Municipal Depletions-UT,UT,Outflow,Zone Surface Water,Atmosphere,http://purl.org/iow/WaterBudgetingFramework#LivestockConsumptiveUse-CO,http://purl.org/iow/WaterBudgetingFramework#AgriculturalAndMunicipalDepletions-UT,NA
CO,Outflow,Zone Groundwater,Atmosphere,Livestock Consumptive Use-CO,Agricultural and Municipal Depletions-UT,UT,Outflow,Zone Surface Water,Atmosphere,http://purl.org/iow/WaterBudgetingFramework#LivestockConsumptiveUse-CO,http://purl.org/iow/WaterBudgetingFramework#AgriculturalAndMunicipalDepletions-UT,NA
CO,Outflow,Zone Surface Water,Atmosphere,Livestock Consumptive Use-CO,Agricultural and Municipal Depletions-UT,UT,Outflow,Zone Groundwater,Atmosphere,http://purl.org/iow/WaterBudgetingFramework#LivestockConsumptiveUse-CO,http://purl.org/iow/WaterBudgetingFramework#AgriculturalAndMunicipalDepletions-UT,NA
CO,Outflow,Zone Groundwater,Atmosphere,Livestock Consumptive Use-CO,Agricultural and Municipal Depletions-UT,UT,Outflow,Zone Groundwater,Atmosphere,http://purl.org/iow/WaterBudgetingFramework#LivestockConsumptiveUse-CO,http://purl.org/iow/WaterBudgetingFramework#AgriculturalAndMunicipalDepletions-UT,NA
NM,NA,NA,NA,Commercial: Incomplete Metered-NMOSE,NA,NA,NA,NA,NA,http://purl.org/iow/WaterBudgetingFramework#Commercial%3AIncompleteMetered-NMOSE,NA,NA
NM,Outflow,Zone Surface Water,Atmosphere,River Evaporation-NM,NA,NA,NA,NA,NA,http://purl.org/iow/WaterBudgetingFramework#RiverEvaporation-NM,NA,NA
NM,Inflow,External Groundwater,Zone Groundwater,Groundwater Inflows-NM,NA,NA,NA,NA,NA,http://purl.org/iow/WaterBudgetingFramework#GroundwaterInflows-NM,NA,NA
CO,Outflow,Zone Surface Water,External Surface Water,Exports-CO,Surface Water Exports-CA,CA,Outflow,Zone Surface Water,External Surface Water,http://purl.org/iow/WaterBudgetingFramework#Exports-CO,http://purl.org/iow/WaterBudgetingFramework#SurfaceWaterExports-CA,NA
CO,Outflow,Zone Surface Water,External Groundwater,Exports-CO,Surface Water Exports-CA,CA,Outflow,Zone Surface Water,External Surface Water,http://purl.org/iow/WaterBudgetingFramework#Exports-CO,http://purl.org/iow/WaterBudgetingFramework#SurfaceWaterExports-CA,NA
CO,Outflow,Zone Groundwater,External Surface Water,Exports-CO,Surface Water Exports-CA,CA,Outflow,Zone Surface Water,External Surface Water,http://purl.org/iow/WaterBudgetingFramework#Exports-CO,http://purl.org/iow/WaterBudgetingFramework#SurfaceWaterExports-CA,NA
CO,Outflow,Zone Groundwater,External Groundwater,Exports-CO,Surface Water Exports-CA,CA,Outflow,Zone Surface Water,External Surface Water,http://purl.org/iow/WaterBudgetingFramework#Exports-CO,http://purl.org/iow/WaterBudgetingFramework#SurfaceWaterExports-CA,NA
CO,Outflow,Zone Surface Water,External Surface Water,Exports-CO,Stored Water Export-CA,CA,Outflow,Zone Groundwater,External Groundwater,http://purl.org/iow/WaterBudgetingFramework#Exports-CO,http://purl.org/iow/WaterBudgetingFramework#StoredWaterExport-CA,NA
CO,Outflow,Zone Surface Water,External Groundwater,Exports-CO,Stored Water Export-CA,CA,Outflow,Zone Groundwater,External Groundwater,http://purl.org/iow/WaterBudgetingFramework#Exports-CO,http://purl.org/iow/WaterBudgetingFramework#StoredWaterExport-CA,NA
CO,Outflow,Zone Groundwater,External Surface Water,Exports-CO,Stored Water Export-CA,CA,Outflow,Zone Groundwater,External Groundwater,http://purl.org/iow/WaterBudgetingFramework#Exports-CO,http://purl.org/iow/WaterBudgetingFramework#StoredWaterExport-CA,NA
CO,Outflow,Zone Groundwater,External Groundwater,Exports-CO,Stored Water Export-CA,CA,Outflow,Zone Groundwater,External Groundwater,http://purl.org/iow/WaterBudgetingFramework#Exports-CO,http://purl.org/iow/WaterBudgetingFramework#StoredWaterExport-CA,NA
CO,Outflow,Zone Surface Water,External Surface Water,Exports-CO,Groundwater Export-CA,CA,Outflow,Zone Groundwater,External Groundwater,http://purl.org/iow/WaterBudgetingFramework#Exports-CO,http://purl.org/iow/WaterBudgetingFramework#GroundwaterExport-CA,NA
CO,Outflow,Zone Surface Water,External Groundwater,Exports-CO,Groundwater Export-CA,CA,Outflow,Zone Groundwater,External Groundwater,http://purl.org/iow/WaterBudgetingFramework#Exports-CO,http://purl.org/iow/WaterBudgetingFramework#GroundwaterExport-CA,NA
CO,Outflow,Zone Groundwater,External Surface Water,Exports-CO,Groundwater Export-CA,CA,Outflow,Zone Groundwater,External Groundwater,http://purl.org/iow/WaterBudgetingFramework#Exports-CO,http://purl.org/iow/WaterBudgetingFramework#GroundwaterExport-CA,NA
CO,Outflow,Zone Groundwater,External Groundwater,Exports-CO,Groundwater Export-CA,CA,Outflow,Zone Groundwater,External Groundwater,http://purl.org/iow/WaterBudgetingFramework#Exports-CO,http://purl.org/iow/WaterBudgetingFramework#GroundwaterExport-CA,NA
CO,Inflow,External Surface Water,Zone Land System,Imports-CO,NA,NA,NA,NA,NA,http://purl.org/iow/WaterBudgetingFramework#Imports-CO,NA,NA
CO,Inflow,External Groundwater,Zone Land System,Imports-CO,NA,NA,NA,NA,NA,http://purl.org/iow/WaterBudgetingFramework#Imports-CO,NA,NA
UT,Internal Transfer,Zone Surface Water,Zone Land System,Agricultural Potential Consumptive Use-UT,NA,NA,NA,NA,NA,http://purl.org/iow/WaterBudgetingFramework#AgriculturalPotentialConsumptiveUse-UT,NA,NA
UT,Internal Transfer,Zone Groundwater,Zone Land System,Agricultural Potential Consumptive Use-UT,NA,NA,NA,NA,NA,http://purl.org/iow/WaterBudgetingFramework#AgriculturalPotentialConsumptiveUse-UT,NA,NA
CO,Outflow,Zone Surface Water,Atmosphere,Reservoir Evaporation-CO,NA,NA,NA,NA,NA,http://purl.org/iow/WaterBudgetingFramework#ReservoirEvaporation-CO,NA,NA
CO,Inflow,Atmosphere,Zone Land System,Precipitation-CO,Precipitation on Lakes-CA,CA,Inflow,Atmosphere,Zone Surface Water,http://purl.org/iow/WaterBudgetingFramework#Precipitation-CO,http://purl.org/iow/WaterBudgetingFramework#PrecipitationOnLakes-CA,NA
UT,Outflow,Zone Surface Water,External Surface Water,Basin Outflow-UT,Gaged Stream Outflow-WY,WY,Outflow,Zone Surface Water,Zone Surface Water,http://purl.org/iow/WaterBudgetingFramework#BasinOutflow-UT,http://purl.org/iow/WaterBudgetingFramework#GagedStreamOutflow-WY,NA
CA,Outflow,Zone Surface Water,External Surface Water,Stream Outflow-CA,NA,NA,NA,NA,NA,http://purl.org/iow/WaterBudgetingFramework#StreamOutfow-CA,NA,NA
CO,Outflow,Zone Surface Water,External Surface Water,Gaged Surface Water Outflow-CO,Stream Outflow-CA,CA,Outflow,Zone Surface Water,External Surface Water,http://purl.org/iow/WaterBudgetingFramework#GagedSurfaceWaterOutflow-CO,http://purl.org/iow/WaterBudgetingFramework#StreamOutfow-CA,NA
UT,Inflow,Atmosphere,Zone Land System,Precipitation-UT,Precipitation on Lakes-CA,CA,Inflow,Atmosphere,Zone Surface Water,http://purl.org/iow/WaterBudgetingFramework#Precipitation-UT,http://purl.org/iow/WaterBudgetingFramework#PrecipitationOnLakes-CA,NA
WY,NA,Zone Surface Water,Atmosphere,Industrial: Natural Gas-WY,Industrial Consumptive Use-WY,WY,Outflow,Zone Surface Water,Atmosphere,http://purl.org/iow/WaterBudgetingFramework#Industrial%3ANaturalGas-WY,http://purl.org/iow/WaterBudgetingFramework#IndustrialConsumptiveUse-WY,NA
WY,NA,Zone Groundwater,Atmosphere,Industrial: Natural Gas-WY,Industrial Consumptive Use-WY,WY,Outflow,Zone Surface Water,Atmosphere,http://purl.org/iow/WaterBudgetingFramework#Industrial%3ANaturalGas-WY,http://purl.org/iow/WaterBudgetingFramework#IndustrialConsumptiveUse-WY,NA
WY,NA,Zone Surface Water,Atmosphere,Industrial: Natural Gas-WY,Industrial Consumptive Use-WY,WY,Outflow,Zone Groundwater,Atmosphere,http://purl.org/iow/WaterBudgetingFramework#Industrial%3ANaturalGas-WY,http://purl.org/iow/WaterBudgetingFramework#IndustrialConsumptiveUse-WY,NA
WY,NA,Zone Groundwater,Atmosphere,Industrial: Natural Gas-WY,Industrial Consumptive Use-WY,WY,Outflow,Zone Groundwater,Atmosphere,http://purl.org/iow/WaterBudgetingFramework#Industrial%3ANaturalGas-WY,http://purl.org/iow/WaterBudgetingFramework#IndustrialConsumptiveUse-WY,NA
NM,Internal Transfer,Zone Surface Water,Zone Land System,Public Water Supply-NMOSE,Surface Water Diversions-CA,CA,Internal Transfer,Zone Surface Water,Zone Surface Water,http://purl.org/iow/WaterBudgetingFramework#PublicWaterSupply-NMOSE,http://purl.org/iow/WaterBudgetingFramework#SurfaceWaterDiversions-CA,NA
NM,Internal Transfer,Zone Groundwater,Zone Land System,Public Water Supply-NMOSE,Surface Water Diversions-CA,CA,Internal Transfer,Zone Surface Water,Zone Surface Water,http://purl.org/iow/WaterBudgetingFramework#PublicWaterSupply-NMOSE,http://purl.org/iow/WaterBudgetingFramework#SurfaceWaterDiversions-CA,NA
NM,Internal Transfer,Zone Surface Water,Zone Land System,Public Water Supply-NMOSE,Municipal and Industrial Diversions-UT,UT,Internal Transfer,Zone Surface Water,Zone Land System,http://purl.org/iow/WaterBudgetingFramework#PublicWaterSupply-NMOSE,http://purl.org/iow/WaterBudgetingFramework#MunicipalAndIndustrialDiversions-UT,NA
NM,Internal Transfer,Zone Groundwater,Zone Land System,Public Water Supply-NMOSE,Municipal and Industrial Diversions-UT,UT,Internal Transfer,Zone Surface Water,Zone Land System,http://purl.org/iow/WaterBudgetingFramework#PublicWaterSupply-NMOSE,http://purl.org/iow/WaterBudgetingFramework#MunicipalAndIndustrialDiversions-UT,NA
NM,Internal Transfer,Zone Surface Water,Zone Land System,Public Water Supply-NMOSE,Municipal and Industrial Diversions-UT,UT,Internal Transfer,Zone Groundwater,Zone Land System,http://purl.org/iow/WaterBudgetingFramework#PublicWaterSupply-NMOSE,http://purl.org/iow/WaterBudgetingFramework#MunicipalAndIndustrialDiversions-UT,NA
NM,Internal Transfer,Zone Groundwater,Zone Land System,Public Water Supply-NMOSE,Municipal and Industrial Diversions-UT,UT,Internal Transfer,Zone Groundwater,Zone Land System,http://purl.org/iow/WaterBudgetingFramework#PublicWaterSupply-NMOSE,http://purl.org/iow/WaterBudgetingFramework#MunicipalAndIndustrialDiversions-UT,NA
NM,Internal Transfer,Zone Surface Water,Zone Land System,Public Water Supply-NMOSE,Groundwater Extraction-CA,CA,Internal Transfer,Zone Groundwater,Zone Land System,http://purl.org/iow/WaterBudgetingFramework#PublicWaterSupply-NMOSE,http://purl.org/iow/WaterBudgetingFramework#GroundwaterExtraction-CA,NA
NM,Internal Transfer,Zone Groundwater,Zone Land System,Public Water Supply-NMOSE,Groundwater Extraction-CA,CA,Internal Transfer,Zone Groundwater,Zone Land System,http://purl.org/iow/WaterBudgetingFramework#PublicWaterSupply-NMOSE,http://purl.org/iow/WaterBudgetingFramework#GroundwaterExtraction-CA,NA
NM,Internal Transfer,Zone Surface Water,Zone Land System,Public Water Supply-NMOSE,Agricultural and Municipal Diversions-UT,UT,Internal Transfer,Zone Surface Water,Zone Land System,http://purl.org/iow/WaterBudgetingFramework#PublicWaterSupply-NMOSE,http://purl.org/iow/WaterBudgetingFramework#AgriculturalAndMunicipalDiversions-UT,NA
NM,Internal Transfer,Zone Groundwater,Zone Land System,Public Water Supply-NMOSE,Agricultural and Municipal Diversions-UT,UT,Internal Transfer,Zone Surface Water,Zone Land System,http://purl.org/iow/WaterBudgetingFramework#PublicWaterSupply-NMOSE,http://purl.org/iow/WaterBudgetingFramework#AgriculturalAndMunicipalDiversions-UT,NA
NM,Internal Transfer,Zone Surface Water,Zone Land System,Public Water Supply-NMOSE,Agricultural and Municipal Diversions-UT,UT,Internal Transfer,Zone Groundwater,Zone Land System,http://purl.org/iow/WaterBudgetingFramework#PublicWaterSupply-NMOSE,http://purl.org/iow/WaterBudgetingFramework#AgriculturalAndMunicipalDiversions-UT,NA
NM,Internal Transfer,Zone Groundwater,Zone Land System,Public Water Supply-NMOSE,Agricultural and Municipal Diversions-UT,UT,Internal Transfer,Zone Groundwater,Zone Land System,http://purl.org/iow/WaterBudgetingFramework#PublicWaterSupply-NMOSE,http://purl.org/iow/WaterBudgetingFramework#AgriculturalAndMunicipalDiversions-UT,NA
UT,Internal Transfer,Zone Surface Water,Zone Surface Water,Surface Water Flows-UT,Surface Water Diversions-CA,CA,Internal Transfer,Zone Surface Water,Zone Surface Water,http://purl.org/iow/WaterBudgetingFramework#SurfaceWaterFlows-UT,http://purl.org/iow/WaterBudgetingFramework#SurfaceWaterDiversions-CA,NA
NM,Outflow,Zone Groundwater,External Groundwater,Groundwater Outflows-NM,NA,NA,NA,NA,NA,http://purl.org/iow/WaterBudgetingFramework#GroundwaterOutflows-NM,NA,NA
WY,Outflow,Zone Surface Water,Atmosphere,Livestock Consumptive Use-WY,NA,NA,NA,NA,NA,http://purl.org/iow/WaterBudgetingFramework#LivestockConsumptiveUse-WY,NA,NA
WY,NA,Zone Surface Water,Atmosphere,Agricultural Consumptive Use-WY,Applied Water-CA,CA,Internal Transfer,Zone Land System,Zone Land System,http://purl.org/iow/WaterBudgetingFramework#AgriculturalConsumptiveUse-WY,http://purl.org/iow/WaterBudgetingFramework#AppliedWater-CA,NA
WY,NA,Zone Groundwater,Atmosphere,Agricultural Consumptive Use-WY,Applied Water-CA,CA,Internal Transfer,Zone Land System,Zone Land System,http://purl.org/iow/WaterBudgetingFramework#AgriculturalConsumptiveUse-WY,http://purl.org/iow/WaterBudgetingFramework#AppliedWater-CA,NA
CA,Internal Transfer,Zone Groundwater,Zone Surface Water,Lake Gain from Groundwater-CA,NA,NA,NA,NA,NA,http://purl.org/iow/WaterBudgetingFramework#LakeGainFromGroundwater-CA,NA,NA
NM,NA,NA,NA,Human Storage and Distribution System Stock-NM,NA,NA,NA,NA,NA,http://purl.org/iow/WaterBudgetingFramework#HumanStorageAndDistributionSystemStock-NM,NA,NA
NM,Internal Transfer,Zone Groundwater,Zone Land System,Industrial-NMOSE,Industrial Total Use-WY,WY,Internal Transfer,Zone Surface Water,Zone Land System,http://purl.org/iow/WaterBudgetingFramework#Industrial-NMOSE,http://purl.org/iow/WaterBudgetingFramework#IndustrialTotalUse-WY,NA
NM,Internal Transfer,Zone Groundwater,Zone Land System,Industrial-NMOSE,Industrial Total Use-WY,WY,Internal Transfer,Zone Groundwater,Zone Land System,http://purl.org/iow/WaterBudgetingFramework#Industrial-NMOSE,http://purl.org/iow/WaterBudgetingFramework#IndustrialTotalUse-WY,NA
NM,Internal Transfer,Zone Groundwater,Zone Land System,Industrial-NMOSE,Industrial Consumptive Use-WY,WY,Outflow,Zone Surface Water,Atmosphere,http://purl.org/iow/WaterBudgetingFramework#Industrial-NMOSE,http://purl.org/iow/WaterBudgetingFramework#IndustrialConsumptiveUse-WY,NA
NM,Internal Transfer,Zone Groundwater,Zone Land System,Industrial-NMOSE,Industrial Consumptive Use-WY,WY,Outflow,Zone Groundwater,Atmosphere,http://purl.org/iow/WaterBudgetingFramework#Industrial-NMOSE,http://purl.org/iow/WaterBudgetingFramework#IndustrialConsumptiveUse-WY,NA
NM,Internal Transfer,Zone Groundwater,Zone Land System,Industrial-NMOSE,Applied Water-CA,CA,Internal Transfer,Zone Land System,Zone Land System,http://purl.org/iow/WaterBudgetingFramework#Industrial-NMOSE,http://purl.org/iow/WaterBudgetingFramework#AppliedWater-CA,NA
NM,Outflow,Zone Surface Water,External Surface Water,Surface Water Outflows-NM,NA,NA,NA,NA,NA,http://purl.org/iow/WaterBudgetingFramework#SurfaceWaterOutflows-NM,NA,NA
CA,Internal Transfer,Zone Land System,Zone Groundwater,Recharge of Precipitation-CA,NA,NA,NA,NA,NA,http://purl.org/iow/WaterBudgetingFramework#RechargeOfPrecipitation-CA,NA,NA
CA,Inflow,External Groundwater,Zone Groundwater,Subsurface Inflow-CA,NA,NA,NA,NA,NA,http://purl.org/iow/WaterBudgetingFramework#SubsurfaceInflow-CA,NA,NA
CA,NA,NA,NA,Total Land System Inflow-CA,NA,NA,NA,NA,NA,http://purl.org/iow/WaterBudgetingFramework#TotalLandSystemInflow-CA,NA,NA
WY,Outflow,Zone Surface Water,Atmosphere,Reservoir Evaporation-WY,NA,NA,NA,NA,NA,http://purl.org/iow/WaterBudgetingFramework#ReservoirEvaporation-WY,NA,NA
UT,Inflow,External Surface Water,Zone Surface Water,Tributary Inflow-UT,Ungaged Surface Water Inflow-CO,CO,Inflow,External Surface Water,Zone Surface Water,http://purl.org/iow/WaterBudgetingFramework#TributaryInflow-UT,http://purl.org/iow/WaterBudgetingFramework#UngagedSurfaceWaterInflow-CO,NA
UT,Inflow,External Surface Water,Zone Surface Water,Tributary Inflow-UT,Gaged Stream Inflow-WY,WY,Inflow,External Surface Water,Zone Surface Water,http://purl.org/iow/WaterBudgetingFramework#TributaryInflow-UT,http://purl.org/iow/WaterBudgetingFramework#GagedStreamInflow-WY,NA
CA,Outflow,Zone Groundwater,External Groundwater,Stored Water Export-CA,NA,NA,NA,NA,NA,http://purl.org/iow/WaterBudgetingFramework#StoredWaterExport-CA,NA,NA
CA,Internal Transfer,Zone Land System,Zone Land System,Applied Water Reuse/Recycled Water-CA,NA,NA,NA,NA,NA,http://purl.org/iow/WaterBudgetingFramework#AppliedWaterReuse%2FRecycledWater-CA,NA,NA
WY,NA,Zone Surface Water,Zone Land System,Municipal Total Use-WY,Surface Water Diversions-CA,CA,Internal Transfer,Zone Surface Water,Zone Surface Water,http://purl.org/iow/WaterBudgetingFramework#MunicipalTotalUse-WY,http://purl.org/iow/WaterBudgetingFramework#SurfaceWaterDiversions-CA,NA
WY,NA,Zone Groundwater,Zone Land System,Municipal Total Use-WY,Surface Water Diversions-CA,CA,Internal Transfer,Zone Surface Water,Zone Surface Water,http://purl.org/iow/WaterBudgetingFramework#MunicipalTotalUse-WY,http://purl.org/iow/WaterBudgetingFramework#SurfaceWaterDiversions-CA,NA
WY,NA,Zone Surface Water,Zone Land System,Municipal Total Use-WY,Municipal and Industrial Consumptive Use-CO,CO,Outflow,Zone Surface Water,Atmosphere,http://purl.org/iow/WaterBudgetingFramework#MunicipalTotalUse-WY,http://purl.org/iow/WaterBudgetingFramework#MunicipalAndIndustrialConsumptiveUse-CO,NA
WY,NA,Zone Groundwater,Zone Land System,Municipal Total Use-WY,Municipal and Industrial Consumptive Use-CO,CO,Outflow,Zone Surface Water,Atmosphere,http://purl.org/iow/WaterBudgetingFramework#MunicipalTotalUse-WY,http://purl.org/iow/WaterBudgetingFramework#MunicipalAndIndustrialConsumptiveUse-CO,NA
WY,NA,Zone Surface Water,Zone Land System,Municipal Total Use-WY,Municipal and Industrial Consumptive Use-CO,CO,Outflow,Zone Groundwater,Atmosphere,http://purl.org/iow/WaterBudgetingFramework#MunicipalTotalUse-WY,http://purl.org/iow/WaterBudgetingFramework#MunicipalAndIndustrialConsumptiveUse-CO,NA
WY,NA,Zone Groundwater,Zone Land System,Municipal Total Use-WY,Municipal and Industrial Consumptive Use-CO,CO,Outflow,Zone Groundwater,Atmosphere,http://purl.org/iow/WaterBudgetingFramework#MunicipalTotalUse-WY,http://purl.org/iow/WaterBudgetingFramework#MunicipalAndIndustrialConsumptiveUse-CO,NA
WY,NA,Zone Surface Water,Zone Land System,Municipal Total Use-WY,Groundwater Extraction-CA,CA,Internal Transfer,Zone Groundwater,Zone Land System,http://purl.org/iow/WaterBudgetingFramework#MunicipalTotalUse-WY,http://purl.org/iow/WaterBudgetingFramework#GroundwaterExtraction-CA,NA
WY,NA,Zone Groundwater,Zone Land System,Municipal Total Use-WY,Groundwater Extraction-CA,CA,Internal Transfer,Zone Groundwater,Zone Land System,http://purl.org/iow/WaterBudgetingFramework#MunicipalTotalUse-WY,http://purl.org/iow/WaterBudgetingFramework#GroundwaterExtraction-CA,NA
CA,Outflow,Zone Land System,External Land System,Recycled Water Export-CA,NA,NA,NA,NA,NA,http://purl.org/iow/WaterBudgetingFramework#RecycledWaterExport-CA,NA,NA
CA,Internal Transfer,Zone Groundwater,Zone Land System,Groundwater Extraction-CA,NA,NA,NA,NA,NA,http://purl.org/iow/WaterBudgetingFramework#GroundwaterExtraction-CA,NA,NA
CA,Internal Transfer,Zone Surface Water,Zone Land System,Surface Water Delivery-CA,NA,NA,NA,NA,NA,http://purl.org/iow/WaterBudgetingFramework#SurfaceWaterDelivery-CA,NA,NA
CA,Internal Transfer,Zone Land System,Zone Surface Water,Return Flow-CA,NA,NA,NA,NA,NA,http://purl.org/iow/WaterBudgetingFramework#ReturnFlow-CA,NA,NA
NM,Internal Transfer,Zone Surface Water,Zone Land System,Mining-NMOSE,Surface Water Diversions-CA,CA,Internal Transfer,Zone Surface Water,Zone Surface Water,http://purl.org/iow/WaterBudgetingFramework#Mining-NMOSE,http://purl.org/iow/WaterBudgetingFramework#SurfaceWaterDiversions-CA,NA
NM,Internal Transfer,Zone Groundwater,Zone Land System,Mining-NMOSE,Surface Water Diversions-CA,CA,Internal Transfer,Zone Surface Water,Zone Surface Water,http://purl.org/iow/WaterBudgetingFramework#Mining-NMOSE,http://purl.org/iow/WaterBudgetingFramework#SurfaceWaterDiversions-CA,NA
NM,Internal Transfer,Zone Surface Water,Zone Land System,Mining-NMOSE,Industrial Total Use-WY,WY,Internal Transfer,Zone Surface Water,Zone Land System,http://purl.org/iow/WaterBudgetingFramework#Mining-NMOSE,http://purl.org/iow/WaterBudgetingFramework#IndustrialTotalUse-WY,NA
NM,Internal Transfer,Zone Groundwater,Zone Land System,Mining-NMOSE,Industrial Total Use-WY,WY,Internal Transfer,Zone Surface Water,Zone Land System,http://purl.org/iow/WaterBudgetingFramework#Mining-NMOSE,http://purl.org/iow/WaterBudgetingFramework#IndustrialTotalUse-WY,NA
NM,Internal Transfer,Zone Surface Water,Zone Land System,Mining-NMOSE,Industrial Total Use-WY,WY,Internal Transfer,Zone Groundwater,Zone Land System,http://purl.org/iow/WaterBudgetingFramework#Mining-NMOSE,http://purl.org/iow/WaterBudgetingFramework#IndustrialTotalUse-WY,NA
NM,Internal Transfer,Zone Groundwater,Zone Land System,Mining-NMOSE,Industrial Total Use-WY,WY,Internal Transfer,Zone Groundwater,Zone Land System,http://purl.org/iow/WaterBudgetingFramework#Mining-NMOSE,http://purl.org/iow/WaterBudgetingFramework#IndustrialTotalUse-WY,NA
NM,Internal Transfer,Zone Surface Water,Zone Land System,Mining-NMOSE,Industrial Consumptive Use-WY,WY,Outflow,Zone Surface Water,Atmosphere,http://purl.org/iow/WaterBudgetingFramework#Mining-NMOSE,http://purl.org/iow/WaterBudgetingFramework#IndustrialConsumptiveUse-WY,NA
NM,Internal Transfer,Zone Groundwater,Zone Land System,Mining-NMOSE,Industrial Consumptive Use-WY,WY,Outflow,Zone Surface Water,Atmosphere,http://purl.org/iow/WaterBudgetingFramework#Mining-NMOSE,http://purl.org/iow/WaterBudgetingFramework#IndustrialConsumptiveUse-WY,NA
NM,Internal Transfer,Zone Surface Water,Zone Land System,Mining-NMOSE,Industrial Consumptive Use-WY,WY,Outflow,Zone Groundwater,Atmosphere,http://purl.org/iow/WaterBudgetingFramework#Mining-NMOSE,http://purl.org/iow/WaterBudgetingFramework#IndustrialConsumptiveUse-WY,NA
NM,Internal Transfer,Zone Groundwater,Zone Land System,Mining-NMOSE,Industrial Consumptive Use-WY,WY,Outflow,Zone Groundwater,Atmosphere,http://purl.org/iow/WaterBudgetingFramework#Mining-NMOSE,http://purl.org/iow/WaterBudgetingFramework#IndustrialConsumptiveUse-WY,NA
NM,Internal Transfer,Zone Surface Water,Zone Land System,Mining-NMOSE,Groundwater Extraction-CA,CA,Internal Transfer,Zone Groundwater,Zone Land System,http://purl.org/iow/WaterBudgetingFramework#Mining-NMOSE,http://purl.org/iow/WaterBudgetingFramework#GroundwaterExtraction-CA,NA
NM,Internal Transfer,Zone Groundwater,Zone Land System,Mining-NMOSE,Groundwater Extraction-CA,CA,Internal Transfer,Zone Groundwater,Zone Land System,http://purl.org/iow/WaterBudgetingFramework#Mining-NMOSE,http://purl.org/iow/WaterBudgetingFramework#GroundwaterExtraction-CA,NA
NM,Internal Transfer,Zone Surface Water,Zone Land System,Mining-NMOSE,Applied Water-CA,CA,Internal Transfer,Zone Land System,Zone Land System,http://purl.org/iow/WaterBudgetingFramework#Mining-NMOSE,http://purl.org/iow/WaterBudgetingFramework#AppliedWater-CA,NA
NM,Internal Transfer,Zone Groundwater,Zone Land System,Mining-NMOSE,Applied Water-CA,CA,Internal Transfer,Zone Land System,Zone Land System,http://purl.org/iow/WaterBudgetingFramework#Mining-NMOSE,http://purl.org/iow/WaterBudgetingFramework#AppliedWater-CA,NA
CA,Outflow,NA,NA,Total Groundwater System Outflow-CA,NA,NA,NA,NA,NA,http://purl.org/iow/WaterBudgetingFramework#TotalGroundwaterSystemOutflow-CA,NA,NA
CO,Inflow,External Surface Water,Zone Surface Water,Ungaged Surface Water Inflow-CO,Stream Inflow-CA,CA,Inflow,External Surface Water,Zone Surface Water,http://purl.org/iow/WaterBudgetingFramework#UngagedSurfaceWaterInflow-CO,http://purl.org/iow/WaterBudgetingFramework#StreamInflow-CA,NA
CA,Inflow,Atmosphere,Zone Land System,Precipitation-CA,NA,NA,NA,NA,NA,http://purl.org/iow/WaterBudgetingFramework#Precipitation-CA,NA,NA
WY,Outflow,Zone Surface Water,Zone Surface Water,Gaged Stream Outflow-WY,NA,NA,NA,NA,NA,http://purl.org/iow/WaterBudgetingFramework#GagedStreamOutflow-WY,NA,NA
NM,Inflow,External Surface Water,Zone Surface Water,Surface Water Inflows-NM,NA,NA,NA,NA,NA,http://purl.org/iow/WaterBudgetingFramework#SurfaceWaterInflows-NM,NA,NA
UT,Outflow,Zone Surface Water,Atmosphere,Reservoir Evaporation-UT,NA,NA,NA,NA,NA,http://purl.org/iow/WaterBudgetingFramework#ReservoirEvaporation-UT,NA,NA
WY,Internal Transfer,Zone Surface Water,Zone Land System,Industrial: Oil and Gas-WY,Industrial Total Use-WY,WY,Internal Transfer,Zone Surface Water,Zone Land System,http://purl.org/iow/WaterBudgetingFramework#Industrial%3AOilAndGas-WY,http://purl.org/iow/WaterBudgetingFramework#IndustrialTotalUse-WY,NA
WY,Internal Transfer,Zone Groundwater,Zone Land System,Industrial: Oil and Gas-WY,Industrial Total Use-WY,WY,Internal Transfer,Zone Surface Water,Zone Land System,http://purl.org/iow/WaterBudgetingFramework#Industrial%3AOilAndGas-WY,http://purl.org/iow/WaterBudgetingFramework#IndustrialTotalUse-WY,NA
WY,Internal Transfer,Zone Surface Water,Zone Land System,Industrial: Oil and Gas-WY,Industrial Total Use-WY,WY,Internal Transfer,Zone Groundwater,Zone Land System,http://purl.org/iow/WaterBudgetingFramework#Industrial%3AOilAndGas-WY,http://purl.org/iow/WaterBudgetingFramework#IndustrialTotalUse-WY,NA
WY,Internal Transfer,Zone Groundwater,Zone Land System,Industrial: Oil and Gas-WY,Industrial Total Use-WY,WY,Internal Transfer,Zone Groundwater,Zone Land System,http://purl.org/iow/WaterBudgetingFramework#Industrial%3AOilAndGas-WY,http://purl.org/iow/WaterBudgetingFramework#IndustrialTotalUse-WY,NA
WY,Internal Transfer,Zone Surface Water,Zone Land System,Industrial: Oil and Gas-WY,Industrial Consumptive Use-WY,WY,Outflow,Zone Surface Water,Atmosphere,http://purl.org/iow/WaterBudgetingFramework#Industrial%3AOilAndGas-WY,http://purl.org/iow/WaterBudgetingFramework#IndustrialConsumptiveUse-WY,NA
WY,Internal Transfer,Zone Groundwater,Zone Land System,Industrial: Oil and Gas-WY,Industrial Consumptive Use-WY,WY,Outflow,Zone Surface Water,Atmosphere,http://purl.org/iow/WaterBudgetingFramework#Industrial%3AOilAndGas-WY,http://purl.org/iow/WaterBudgetingFramework#IndustrialConsumptiveUse-WY,NA
WY,Internal Transfer,Zone Surface Water,Zone Land System,Industrial: Oil and Gas-WY,Industrial Consumptive Use-WY,WY,Outflow,Zone Groundwater,Atmosphere,http://purl.org/iow/WaterBudgetingFramework#Industrial%3AOilAndGas-WY,http://purl.org/iow/WaterBudgetingFramework#IndustrialConsumptiveUse-WY,NA
WY,Internal Transfer,Zone Groundwater,Zone Land System,Industrial: Oil and Gas-WY,Industrial Consumptive Use-WY,WY,Outflow,Zone Groundwater,Atmosphere,http://purl.org/iow/WaterBudgetingFramework#Industrial%3AOilAndGas-WY,http://purl.org/iow/WaterBudgetingFramework#IndustrialConsumptiveUse-WY,NA
UT,Outflow,Zone Surface Water,Atmosphere,Natural System Use-UT,NA,NA,NA,NA,NA,http://purl.org/iow/WaterBudgetingFramework#NaturalSystemUse-UT,NA,NA
UT,Outflow,Zone Land System,Atmosphere,Natural System Use-UT,NA,NA,NA,NA,NA,http://purl.org/iow/WaterBudgetingFramework#NaturalSystemUse-UT,NA,NA
CA,Internal Transfer,Zone Surface Water,Zone Groundwater,Lake Loss to Groundwater-CA,NA,NA,NA,NA,NA,http://purl.org/iow/WaterBudgetingFramework#LakeLossToGroundwater-CA,NA,NA
NM,NA,NA,NA,Groundwater Stock-NM,NA,NA,NA,NA,NA,http://purl.org/iow/WaterBudgetingFramework#GroundwaterStock-NM,NA,NA
NM,Inflow,Atmosphere,Zone Land System,Precipitation-NM,NA,NA,NA,NA,NA,http://purl.org/iow/WaterBudgetingFramework#Precipitation-NM,NA,NA
CA,NA,NA,NA,Total Inflow-CA,NA,NA,NA,NA,NA,http://purl.org/iow/WaterBudgetingFramework#TotalInflow-CA,NA,NA
NM,Internal Transfer,Zone Land System,Zone Surface Water,Runoff-NM,NA,NA,NA,NA,NA,http://purl.org/iow/WaterBudgetingFramework#Runoff-NM,NA,NA
UT,Inflow,External Surface Water,Zone Surface Water,Basin Inflow-UT,Ungaged Surface Water Inflow-CO,CO,Inflow,External Surface Water,Zone Surface Water,http://purl.org/iow/WaterBudgetingFramework#BasinInflow-UT,http://purl.org/iow/WaterBudgetingFramework#UngagedSurfaceWaterInflow-CO,NA
UT,Inflow,External Surface Water,Zone Surface Water,Basin Inflow-UT,Gaged Stream Inflow-WY,WY,Inflow,External Surface Water,Zone Surface Water,http://purl.org/iow/WaterBudgetingFramework#BasinInflow-UT,http://purl.org/iow/WaterBudgetingFramework#GagedStreamInflow-WY,NA
