state_cL,ftype_cL,fsource_cL,fsink_cL,cL,scL,state_scL,ftype_scL,fsource_scL,fsink_scL,c,sc,empty
CA,Internal Transfer,Zone Land System,Zone Land System,Applied Water-CA,NA,NA,NA,NA,NA,http://purl.org/iow/WaterBudgetingFramework/AppliedWater-CA,NA,NA
NM,Internal Transfer,Zone Groundwater,Zone Land System,Industrial-NMOSE,Municipal and Industrial Diversions-UT,UT,Internal Transfer,Zone Surface Water,Zone Land System,http://purl.org/iow/WaterBudgetingFramework/Industrial-NMOSE,http://purl.org/iow/WaterBudgetingFramework/MunicipalAndIndustrialDiversions-UT,NA
NM,Internal Transfer,Zone Groundwater,Zone Land System,Industrial-NMOSE,Municipal and Industrial Diversions-UT,UT,Internal Transfer,Zone Groundwater,Zone Land System,http://purl.org/iow/WaterBudgetingFramework/Industrial-NMOSE,http://purl.org/iow/WaterBudgetingFramework/MunicipalAndIndustrialDiversions-UT,NA
NM,Internal Transfer,Zone Surface Water,Zone Land System,Surface Water Diversions-NM,NA,NA,NA,NA,NA,http://purl.org/iow/WaterBudgetingFramework/SurfaceWaterDiversions-NM,NA,NA
UT,Outflow,Zone Surface Water,External Surface Water,Basin Outflow-UT,Exports-CO,CO,Outflow,Zone Surface Water,External Surface Water,http://purl.org/iow/WaterBudgetingFramework/BasinOutflow-UT,http://purl.org/iow/WaterBudgetingFramework/Exports-CO,NA
UT,Outflow,Zone Surface Water,External Surface Water,Basin Outflow-UT,Exports-CO,CO,Outflow,Zone Surface Water,External Groundwater,http://purl.org/iow/WaterBudgetingFramework/BasinOutflow-UT,http://purl.org/iow/WaterBudgetingFramework/Exports-CO,NA
UT,Outflow,Zone Surface Water,External Surface Water,Basin Outflow-UT,Exports-CO,CO,Outflow,Zone Groundwater,External Surface Water,http://purl.org/iow/WaterBudgetingFramework/BasinOutflow-UT,http://purl.org/iow/WaterBudgetingFramework/Exports-CO,NA
UT,Outflow,Zone Surface Water,External Surface Water,Basin Outflow-UT,Exports-CO,CO,Outflow,Zone Groundwater,External Groundwater,http://purl.org/iow/WaterBudgetingFramework/BasinOutflow-UT,http://purl.org/iow/WaterBudgetingFramework/Exports-CO,NA
NM,Outflow,Zone Land System,Atmosphere,Land Surface Evapotranspiration-NM,NA,NA,NA,NA,NA,http://purl.org/iow/WaterBudgetingFramework/LandSurfaceExapotranspiration-NM,NA,NA
WY,NA,Zone Surface Water,Atmosphere,Industrial: Natural Gas-WY,NA,NA,NA,NA,NA,http://purl.org/iow/WaterBudgetingFramework/Industrial%3ANaturalGas-WY,NA,NA
WY,NA,Zone Groundwater,Atmosphere,Industrial: Natural Gas-WY,NA,NA,NA,NA,NA,http://purl.org/iow/WaterBudgetingFramework/Industrial%3ANaturalGas-WY,NA,NA
CA,NA,NA,NA,Total Surface Water Inflow-CA,NA,NA,NA,NA,NA,http://purl.org/iow/WaterBudgetingFramework/TotalSurfaceWaterInflow-CA,NA,NA
NM,Inflow,External Groundwater,Zone Groundwater,Groundwater Inflows-NM,NA,NA,NA,NA,NA,http://purl.org/iow/WaterBudgetingFramework/GroundwaterInflows-NM,NA,NA
CA,Outflow,Zone Surface Water,Atmosphere,Stream Evaporation-CA,NA,NA,NA,NA,NA,http://purl.org/iow/WaterBudgetingFramework/StreamEvaporation-CA,NA,NA
CA,Inflow,External Surface Water,Zone Surface Water,Imported Water-CA,NA,NA,NA,NA,NA,http://purl.org/iow/WaterBudgetingFramework/ImportedWater-CA,NA,NA
NM,Inflow,Atmosphere,Zone Land System,Precipitation-NM,NA,NA,NA,NA,NA,http://purl.org/iow/WaterBudgetingFramework/Precipitation-NM,NA,NA
CO,Outflow,Zone Surface Water,Atmosphere,Native Vegetation Consumptive Use-CO,Evapotranspiration-CA,CA,Outflow,Zone Land System,Atmosphere,http://purl.org/iow/WaterBudgetingFramework/NativeVegetationConsumptiveUse-CO,http://purl.org/iow/WaterBudgetingFramework/Evapotranspiration-CA,NA
CO,Outflow,Zone Groundwater,Atmosphere,Native Vegetation Consumptive Use-CO,Evapotranspiration-CA,CA,Outflow,Zone Land System,Atmosphere,http://purl.org/iow/WaterBudgetingFramework/NativeVegetationConsumptiveUse-CO,http://purl.org/iow/WaterBudgetingFramework/Evapotranspiration-CA,NA
WY,Internal Transfer,Zone Surface Water,Zone Land System,Industrial: Coalbed Methand Production-WY,NA,NA,NA,NA,NA,http://purl.org/iow/WaterBudgetingFramework/Industrial%3ACoalbedMethandProduction-WY,NA,NA
WY,Internal Transfer,Zone Groundwater,Zone Land System,Industrial: Coalbed Methand Production-WY,NA,NA,NA,NA,NA,http://purl.org/iow/WaterBudgetingFramework/Industrial%3ACoalbedMethandProduction-WY,NA,NA
CA,NA,NA,NA,Total Land System Outflow-CA,NA,NA,NA,NA,NA,http://purl.org/iow/WaterBudgetingFramework/TotalLandSystemOutflow-CA,NA,NA
NM,Internal Transfer,Zone Groundwater,Zone Land System,Self-Supplied Domestic-NMOSE,NA,NA,NA,NA,NA,http://purl.org/iow/WaterBudgetingFramework/Self-SuppliedDomestic-NMOSE,NA,NA
CA,Outflow,Zone Surface Water,External Surface Water,Stream Outflow-CA,NA,NA,NA,NA,NA,http://purl.org/iow/WaterBudgetingFramework/StreamOutfow-CA,NA,NA
NM,NA,NA,NA,Commercial: Incomplete Metered-NMOSE,Commercial-NMOSE,NM,Internal Transfer,Zone Surface Water,Zone Land System,http://purl.org/iow/WaterBudgetingFramework/Commercial%3AIncompleteMetered-NMOSE,http://purl.org/iow/WaterBudgetingFramework/Commercial-NMOSE,NA
NM,NA,NA,NA,Commercial: Incomplete Metered-NMOSE,Commercial-NMOSE,NM,Internal Transfer,Zone Groundwater,Zone Land System,http://purl.org/iow/WaterBudgetingFramework/Commercial%3AIncompleteMetered-NMOSE,http://purl.org/iow/WaterBudgetingFramework/Commercial-NMOSE,NA
NM,Internal Transfer,Zone Land System,Zone Groundwater,Recharge-NM,NA,NA,NA,NA,NA,http://purl.org/iow/WaterBudgetingFramework/Recharge-NM,NA,NA
UT,Internal Transfer,Zone Land System,Zone Surface Water,Municipal and Industrial Return Flow-UT,Return Flow-CA,CA,Internal Transfer,Zone Land System,Zone Surface Water,http://purl.org/iow/WaterBudgetingFramework/MunicipalAndIndustrialReturnFlow-UT,http://purl.org/iow/WaterBudgetingFramework/ReturnFlow-CA,NA
UT,Internal Transfer,Zone Land System,Zone Surface Water,Municipal and Industrial Return Flow-UT,Municipal and Industrial Diversions-UT,UT,Internal Transfer,Zone Surface Water,Zone Land System,http://purl.org/iow/WaterBudgetingFramework/MunicipalAndIndustrialReturnFlow-UT,http://purl.org/iow/WaterBudgetingFramework/MunicipalAndIndustrialDiversions-UT,NA
UT,Internal Transfer,Zone Land System,Zone Surface Water,Municipal and Industrial Return Flow-UT,Municipal and Industrial Diversions-UT,UT,Internal Transfer,Zone Groundwater,Zone Land System,http://purl.org/iow/WaterBudgetingFramework/MunicipalAndIndustrialReturnFlow-UT,http://purl.org/iow/WaterBudgetingFramework/MunicipalAndIndustrialDiversions-UT,NA
UT,Internal Transfer,Zone Land System,Zone Surface Water,Municipal and Industrial Return Flow-UT,Applied Water-CA,CA,Internal Transfer,Zone Land System,Zone Land System,http://purl.org/iow/WaterBudgetingFramework/MunicipalAndIndustrialReturnFlow-UT,http://purl.org/iow/WaterBudgetingFramework/AppliedWater-CA,NA
NM,Outflow,Zone Surface Water,External Surface Water,Surface Water Outflows-NM,NA,NA,NA,NA,NA,http://purl.org/iow/WaterBudgetingFramework/SurfaceWaterOutflows-NM,NA,NA
NM,Internal Transfer,Zone Surface Water,Zone Land System,Public Water Supply-NMOSE,Applied Water-CA,CA,Internal Transfer,Zone Land System,Zone Land System,http://purl.org/iow/WaterBudgetingFramework/PublicWaterSupply-NMOSE,http://purl.org/iow/WaterBudgetingFramework/AppliedWater-CA,NA
NM,Internal Transfer,Zone Groundwater,Zone Land System,Public Water Supply-NMOSE,Applied Water-CA,CA,Internal Transfer,Zone Land System,Zone Land System,http://purl.org/iow/WaterBudgetingFramework/PublicWaterSupply-NMOSE,http://purl.org/iow/WaterBudgetingFramework/AppliedWater-CA,NA
CO,Outflow,Zone Surface Water,Atmosphere,Reservoir Evaporation-CO,Lake Evaporation-CA,CA,Outflow,Zone Surface Water,Atmosphere,http://purl.org/iow/WaterBudgetingFramework/ReservoirEvaporation-CO,http://purl.org/iow/WaterBudgetingFramework/LakeEvaporation-CA,NA
NM,NA,NA,NA,Power: Unreported-NMOSE,Power-NMOSE,NM,Internal Transfer,Zone Surface Water,Zone Land System,http://purl.org/iow/WaterBudgetingFramework/Power%3AUnreported-NMOSE,http://purl.org/iow/WaterBudgetingFramework/Power-NMOSE,NA
NM,NA,NA,NA,Power: Unreported-NMOSE,Power-NMOSE,NM,Internal Transfer,Zone Groundwater,Zone Land System,http://purl.org/iow/WaterBudgetingFramework/Power%3AUnreported-NMOSE,http://purl.org/iow/WaterBudgetingFramework/Power-NMOSE,NA
CA,NA,NA,NA,Total Surface Water Outflow-CA,NA,NA,NA,NA,NA,http://purl.org/iow/WaterBudgetingFramework/TotalSurfaceWaterOutflow-CA,NA,NA
WY,Internal Transfer,Zone Surface Water,Zone Land System,Industrial Total Use-WY,Applied Water-CA,CA,Internal Transfer,Zone Land System,Zone Land System,http://purl.org/iow/WaterBudgetingFramework/IndustrialTotalUse-WY,http://purl.org/iow/WaterBudgetingFramework/AppliedWater-CA,NA
WY,Internal Transfer,Zone Groundwater,Zone Land System,Industrial Total Use-WY,Applied Water-CA,CA,Internal Transfer,Zone Land System,Zone Land System,http://purl.org/iow/WaterBudgetingFramework/IndustrialTotalUse-WY,http://purl.org/iow/WaterBudgetingFramework/AppliedWater-CA,NA
UT,Internal Transfer,Zone Surface Water,Zone Land System,Agricultural Potential Consumptive Use-UT,NA,NA,NA,NA,NA,http://purl.org/iow/WaterBudgetingFramework/AgriculturalPotentialConsumptiveUse-UT,NA,NA
UT,Internal Transfer,Zone Groundwater,Zone Land System,Agricultural Potential Consumptive Use-UT,NA,NA,NA,NA,NA,http://purl.org/iow/WaterBudgetingFramework/AgriculturalPotentialConsumptiveUse-UT,NA,NA
NM,Outflow,Zone Surface Water,Atmosphere,Evaporation from Reservoirs-NMOSE,NA,NA,NA,NA,NA,http://purl.org/iow/WaterBudgetingFramework/EvaporationFromReservoirs-NMOSE,NA,NA
CA,Internal Transfer,Zone Groundwater,Zone Land System,Groundwater Extraction-CA,NA,NA,NA,NA,NA,http://purl.org/iow/WaterBudgetingFramework/GroundwaterExtraction-CA,NA,NA
WY,NA,Zone Groundwater,Zone Land System,Industrial: Electrical Generation-WY,NA,NA,NA,NA,NA,http://purl.org/iow/WaterBudgetingFramework/Industrial%3AElectricalGeneration-WY,NA,NA
NM,Outflow,Zone Groundwater,Atmosphere,Groundwater ET-NM,Evapotranspiration-CA,CA,Outflow,Zone Land System,Atmosphere,http://purl.org/iow/WaterBudgetingFramework/GroundwaterET-NM,http://purl.org/iow/WaterBudgetingFramework/Evapotranspiration-CA,NA
CA,Internal Transfer,Zone Groundwater,Zone Surface Water,Lake Gain from Groundwater-CA,NA,NA,NA,NA,NA,http://purl.org/iow/WaterBudgetingFramework/LakeGainFromGroundwater-CA,NA,NA
UT,Inflow,Atmosphere,Zone Land System,Cropland Precipitation-UT,Precipitation-WY,WY,Inflow,Atmosphere,Zone Surface Water,http://purl.org/iow/WaterBudgetingFramework/CoplandPrecipitation-UT,http://purl.org/iow/WaterBudgetingFramework/Precipitation-WY,NA
UT,Inflow,Atmosphere,Zone Land System,Cropland Precipitation-UT,Precipitation-UT,UT,Inflow,Atmosphere,Zone Land System,http://purl.org/iow/WaterBudgetingFramework/CoplandPrecipitation-UT,http://purl.org/iow/WaterBudgetingFramework/Precipitation-UT,NA
UT,Inflow,Atmosphere,Zone Land System,Cropland Precipitation-UT,Precipitation-NM,NM,Inflow,Atmosphere,Zone Land System,http://purl.org/iow/WaterBudgetingFramework/CoplandPrecipitation-UT,http://purl.org/iow/WaterBudgetingFramework/Precipitation-NM,NA
UT,Inflow,Atmosphere,Zone Land System,Cropland Precipitation-UT,Precipitation-CO,CO,Inflow,Atmosphere,Zone Land System,http://purl.org/iow/WaterBudgetingFramework/CoplandPrecipitation-UT,http://purl.org/iow/WaterBudgetingFramework/Precipitation-CO,NA
UT,Inflow,Atmosphere,Zone Land System,Cropland Precipitation-UT,Precipitation-CA,CA,Inflow,Atmosphere,Zone Land System,http://purl.org/iow/WaterBudgetingFramework/CoplandPrecipitation-UT,http://purl.org/iow/WaterBudgetingFramework/Precipitation-CA,NA
UT,Inflow,External Surface Water,Zone Surface Water,Tributary Inflow-UT,Stream Inflow-CA,CA,Inflow,External Surface Water,Zone Surface Water,http://purl.org/iow/WaterBudgetingFramework/TributaryInflow-UT,http://purl.org/iow/WaterBudgetingFramework/StreamInflow-CA,NA
CA,Internal Transfer,Zone Surface Water,Zone Surface Water,Surface Water Diversions-CA,NA,NA,NA,NA,NA,http://purl.org/iow/WaterBudgetingFramework/SurfaceWaterDiversions-CA,NA,NA
WY,Outflow,Zone Surface Water,Zone Surface Water,Gaged Stream Outflow-WY,Stream Outflow-CA,CA,Outflow,Zone Surface Water,External Surface Water,http://purl.org/iow/WaterBudgetingFramework/GagedStreamOutflow-WY,http://purl.org/iow/WaterBudgetingFramework/StreamOutfow-CA,NA
NM,NA,NA,NA,Land Surface Stock-NM,NA,NA,NA,NA,NA,http://purl.org/iow/WaterBudgetingFramework/LandSurfaceStock-NM,NA,NA
WY,Internal Transfer,Zone Surface Water,Zone Land System,Industrial: Oil and Gas-WY,NA,NA,NA,NA,NA,http://purl.org/iow/WaterBudgetingFramework/Industrial%3AOilAndGas-WY,NA,NA
WY,Internal Transfer,Zone Groundwater,Zone Land System,Industrial: Oil and Gas-WY,NA,NA,NA,NA,NA,http://purl.org/iow/WaterBudgetingFramework/Industrial%3AOilAndGas-WY,NA,NA
UT,Internal Transfer,Zone Surface Water,Zone Land System,River Use By Wet Pasture-UT,Crop Consumptive Use-CO,CO,Outflow,Zone Land System,Atmosphere,http://purl.org/iow/WaterBudgetingFramework/RiverUseByWetPasture-UT,http://purl.org/iow/WaterBudgetingFramework/CropConsumptiveUse-CO,NA
UT,Internal Transfer,Zone Surface Water,Zone Land System,River Use By Wet Pasture-UT,Agricultural Depletions-UT,UT,Outflow,Zone Land System,Atmosphere,http://purl.org/iow/WaterBudgetingFramework/RiverUseByWetPasture-UT,http://purl.org/iow/WaterBudgetingFramework/AgriculturalDepletions-UT,NA
UT,Internal Transfer,Zone Surface Water,Zone Land System,River Use By Wet Pasture-UT,Agricultural Depletions-UT,UT,Outflow,Zone Groundwater,Atmosphere,http://purl.org/iow/WaterBudgetingFramework/RiverUseByWetPasture-UT,http://purl.org/iow/WaterBudgetingFramework/AgriculturalDepletions-UT,NA
CO,Storage Change,NA,NA,Change in Surface Water Storage-CO,NA,NA,NA,NA,NA,http://purl.org/iow/WaterBudgetingFramework/ChangeInSurfaceWaterStorage-CO,NA,NA
CO,Outflow,Zone Land System,Atmosphere,Crop Consumptive Use-CO,Surface Water Diversions-CA,CA,Internal Transfer,Zone Surface Water,Zone Surface Water,http://purl.org/iow/WaterBudgetingFramework/CropConsumptiveUse-CO,http://purl.org/iow/WaterBudgetingFramework/SurfaceWaterDiversions-CA,NA
CO,Outflow,Zone Land System,Atmosphere,Crop Consumptive Use-CO,Evapotranspiration-CA,CA,Outflow,Zone Land System,Atmosphere,http://purl.org/iow/WaterBudgetingFramework/CropConsumptiveUse-CO,http://purl.org/iow/WaterBudgetingFramework/Evapotranspiration-CA,NA
CO,Outflow,Zone Land System,Atmosphere,Crop Consumptive Use-CO,Applied Water-CA,CA,Internal Transfer,Zone Land System,Zone Land System,http://purl.org/iow/WaterBudgetingFramework/CropConsumptiveUse-CO,http://purl.org/iow/WaterBudgetingFramework/AppliedWater-CA,NA
CO,Outflow,Zone Surface Water,External Surface Water,Gaged Surface Water Outflow-CO,Basin Outflow-UT,UT,Outflow,Zone Surface Water,External Surface Water,http://purl.org/iow/WaterBudgetingFramework/GagedSurfaceWaterOutflow-CO,http://purl.org/iow/WaterBudgetingFramework/BasinOutflow-UT,NA
NM,NA,NA,NA,Commercial: Unmetered-NMOSE,Commercial-NMOSE,NM,Internal Transfer,Zone Surface Water,Zone Land System,http://purl.org/iow/WaterBudgetingFramework/Commercial%3AUnmetered-NMOSE,http://purl.org/iow/WaterBudgetingFramework/Commercial-NMOSE,NA
NM,NA,NA,NA,Commercial: Unmetered-NMOSE,Commercial-NMOSE,NM,Internal Transfer,Zone Groundwater,Zone Land System,http://purl.org/iow/WaterBudgetingFramework/Commercial%3AUnmetered-NMOSE,http://purl.org/iow/WaterBudgetingFramework/Commercial-NMOSE,NA
UT,Internal Transfer,Zone Surface Water,Zone Surface Water,Surface Water Flows-UT,NA,NA,NA,NA,NA,http://purl.org/iow/WaterBudgetingFramework/SurfaceWaterFlows-UT,NA,NA
CA,Outflow,NA,NA,Total Groundwater System Outflow-CA,NA,NA,NA,NA,NA,http://purl.org/iow/WaterBudgetingFramework/TotalGroundwaterSystemOutflow-CA,NA,NA
CA,Internal Transfer,Zone Land System,Zone Surface Water,Runoff-CA,NA,NA,NA,NA,NA,http://purl.org/iow/WaterBudgetingFramework/Runoff-CA,NA,NA
CA,Internal Transfer,Zone Land System,Zone Surface Water,Return Flow-CA,NA,NA,NA,NA,NA,http://purl.org/iow/WaterBudgetingFramework/ReturnFlow-CA,NA,NA
CA,Storage Change,NA,NA,Change in Total System Storage-CA,NA,NA,NA,NA,NA,http://purl.org/iow/WaterBudgetingFramework/ChangeInTotalSystemStorage-CA,NA,NA
NM,Internal Transfer,Zone Land System,Zone Surface Water,Runoff-NM,NA,NA,NA,NA,NA,http://purl.org/iow/WaterBudgetingFramework/Runoff-NM,NA,NA
WY,Outflow,Zone Surface Water,Atmosphere,Industrial Consumptive Use-WY,Municipal and Industrial Consumptive Use-CO,CO,Outflow,Zone Surface Water,Atmosphere,http://purl.org/iow/WaterBudgetingFramework/IndustrialConsumptiveUse-WY,http://purl.org/iow/WaterBudgetingFramework/MunicipalAndIndustrialConsumptiveUse-CO,NA
WY,Outflow,Zone Groundwater,Atmosphere,Industrial Consumptive Use-WY,Municipal and Industrial Consumptive Use-CO,CO,Outflow,Zone Surface Water,Atmosphere,http://purl.org/iow/WaterBudgetingFramework/IndustrialConsumptiveUse-WY,http://purl.org/iow/WaterBudgetingFramework/MunicipalAndIndustrialConsumptiveUse-CO,NA
WY,Outflow,Zone Surface Water,Atmosphere,Industrial Consumptive Use-WY,Municipal and Industrial Consumptive Use-CO,CO,Outflow,Zone Groundwater,Atmosphere,http://purl.org/iow/WaterBudgetingFramework/IndustrialConsumptiveUse-WY,http://purl.org/iow/WaterBudgetingFramework/MunicipalAndIndustrialConsumptiveUse-CO,NA
WY,Outflow,Zone Groundwater,Atmosphere,Industrial Consumptive Use-WY,Municipal and Industrial Consumptive Use-CO,CO,Outflow,Zone Groundwater,Atmosphere,http://purl.org/iow/WaterBudgetingFramework/IndustrialConsumptiveUse-WY,http://purl.org/iow/WaterBudgetingFramework/MunicipalAndIndustrialConsumptiveUse-CO,NA
WY,Outflow,Zone Surface Water,Atmosphere,Industrial Consumptive Use-WY,Applied Water-CA,CA,Internal Transfer,Zone Land System,Zone Land System,http://purl.org/iow/WaterBudgetingFramework/IndustrialConsumptiveUse-WY,http://purl.org/iow/WaterBudgetingFramework/AppliedWater-CA,NA
WY,Outflow,Zone Groundwater,Atmosphere,Industrial Consumptive Use-WY,Applied Water-CA,CA,Internal Transfer,Zone Land System,Zone Land System,http://purl.org/iow/WaterBudgetingFramework/IndustrialConsumptiveUse-WY,http://purl.org/iow/WaterBudgetingFramework/AppliedWater-CA,NA
CO,NA,External Surface Water,Zone Surface Water,Gaged Surface Water Inflow-CO,River Inflow-UT,UT,Inflow,External Surface Water,Zone Surface Water,http://purl.org/iow/WaterBudgetingFramework/GagedSurfaceWaterInflow-CO,http://purl.org/iow/WaterBudgetingFramework/RiverInflow-UT,NA
CO,NA,External Surface Water,Zone Surface Water,Gaged Surface Water Inflow-CO,Basin Inflow-UT,UT,Inflow,External Surface Water,Zone Surface Water,http://purl.org/iow/WaterBudgetingFramework/GagedSurfaceWaterInflow-CO,http://purl.org/iow/WaterBudgetingFramework/BasinInflow-UT,NA
CA,Internal Transfer,Zone Land System,Zone Land System,Applied Water Reuse/Recycled Water-CA,Applied Water-CA,CA,Internal Transfer,Zone Land System,Zone Land System,http://purl.org/iow/WaterBudgetingFramework/AppliedWaterReuse%2FRecycledWater-CA,http://purl.org/iow/WaterBudgetingFramework/AppliedWater-CA,NA
NM,Outflow,Zone Groundwater,Atmosphere,Riparian Consumption-NM,NA,NA,NA,NA,NA,http://purl.org/iow/WaterBudgetingFramework/RiparianConsumption-NM,NA,NA
CO,Inflow,External Surface Water,Zone Surface Water,Ungaged Surface Water Inflow-CO,River Inflow-UT,UT,Inflow,External Surface Water,Zone Surface Water,http://purl.org/iow/WaterBudgetingFramework/UngagedSurfaceWaterInflow-CO,http://purl.org/iow/WaterBudgetingFramework/RiverInflow-UT,NA
CA,Storage Change,NA,NA,Change in Land System Storage-CA,NA,NA,NA,NA,NA,http://purl.org/iow/WaterBudgetingFramework/ChangeInLandSystemStorage-CA,NA,NA
CA,Outflow,Zone Surface Water,Atmosphere,Lake Evaporation-CA,NA,NA,NA,NA,NA,http://purl.org/iow/WaterBudgetingFramework/LakeEvaporation-CA,NA,NA
CA,Inflow,NA,NA,Total Groundwater System Inflow-CA,NA,NA,NA,NA,NA,http://purl.org/iow/WaterBudgetingFramework/TotalGroundwaterSystemInflow-CA,NA,NA
WY,NA,Zone Surface Water,Atmosphere,Municipal Consumptive Use-WY,Municipal and Industrial Consumptive Use-CO,CO,Outflow,Zone Surface Water,Atmosphere,http://purl.org/iow/WaterBudgetingFramework/MunicipalConsumptiveUse-WY,http://purl.org/iow/WaterBudgetingFramework/MunicipalAndIndustrialConsumptiveUse-CO,NA
WY,NA,Zone Groundwater,Atmosphere,Municipal Consumptive Use-WY,Municipal and Industrial Consumptive Use-CO,CO,Outflow,Zone Surface Water,Atmosphere,http://purl.org/iow/WaterBudgetingFramework/MunicipalConsumptiveUse-WY,http://purl.org/iow/WaterBudgetingFramework/MunicipalAndIndustrialConsumptiveUse-CO,NA
WY,NA,Zone Surface Water,Atmosphere,Municipal Consumptive Use-WY,Municipal and Industrial Consumptive Use-CO,CO,Outflow,Zone Groundwater,Atmosphere,http://purl.org/iow/WaterBudgetingFramework/MunicipalConsumptiveUse-WY,http://purl.org/iow/WaterBudgetingFramework/MunicipalAndIndustrialConsumptiveUse-CO,NA
WY,NA,Zone Groundwater,Atmosphere,Municipal Consumptive Use-WY,Municipal and Industrial Consumptive Use-CO,CO,Outflow,Zone Groundwater,Atmosphere,http://purl.org/iow/WaterBudgetingFramework/MunicipalConsumptiveUse-WY,http://purl.org/iow/WaterBudgetingFramework/MunicipalAndIndustrialConsumptiveUse-CO,NA
WY,NA,Zone Surface Water,Atmosphere,Municipal Consumptive Use-WY,Applied Water-CA,CA,Internal Transfer,Zone Land System,Zone Land System,http://purl.org/iow/WaterBudgetingFramework/MunicipalConsumptiveUse-WY,http://purl.org/iow/WaterBudgetingFramework/AppliedWater-CA,NA
WY,NA,Zone Groundwater,Atmosphere,Municipal Consumptive Use-WY,Applied Water-CA,CA,Internal Transfer,Zone Land System,Zone Land System,http://purl.org/iow/WaterBudgetingFramework/MunicipalConsumptiveUse-WY,http://purl.org/iow/WaterBudgetingFramework/AppliedWater-CA,NA
NM,Internal Transfer,Zone Surface Water,Zone Land System,Mining-NMOSE,Municipal and Industrial Diversions-UT,UT,Internal Transfer,Zone Surface Water,Zone Land System,http://purl.org/iow/WaterBudgetingFramework/Mining-NMOSE,http://purl.org/iow/WaterBudgetingFramework/MunicipalAndIndustrialDiversions-UT,NA
NM,Internal Transfer,Zone Groundwater,Zone Land System,Mining-NMOSE,Municipal and Industrial Diversions-UT,UT,Internal Transfer,Zone Surface Water,Zone Land System,http://purl.org/iow/WaterBudgetingFramework/Mining-NMOSE,http://purl.org/iow/WaterBudgetingFramework/MunicipalAndIndustrialDiversions-UT,NA
NM,Internal Transfer,Zone Surface Water,Zone Land System,Mining-NMOSE,Municipal and Industrial Diversions-UT,UT,Internal Transfer,Zone Groundwater,Zone Land System,http://purl.org/iow/WaterBudgetingFramework/Mining-NMOSE,http://purl.org/iow/WaterBudgetingFramework/MunicipalAndIndustrialDiversions-UT,NA
NM,Internal Transfer,Zone Groundwater,Zone Land System,Mining-NMOSE,Municipal and Industrial Diversions-UT,UT,Internal Transfer,Zone Groundwater,Zone Land System,http://purl.org/iow/WaterBudgetingFramework/Mining-NMOSE,http://purl.org/iow/WaterBudgetingFramework/MunicipalAndIndustrialDiversions-UT,NA
UT,Internal Transfer,Zone Groundwater,Zone Land System,Groundwater Use-UT,NA,NA,NA,NA,NA,http://purl.org/iow/WaterBudgetingFramework/GroundwaterUse-UT,NA,NA
UT,Internal Transfer,Zone Surface Water,Zone Land System,Surface Diversion to Cropland-UT,Surface Water Diversions-CA,CA,Internal Transfer,Zone Surface Water,Zone Surface Water,http://purl.org/iow/WaterBudgetingFramework/SurfaceDiversionToCropland-UT,http://purl.org/iow/WaterBudgetingFramework/SurfaceWaterDiversions-CA,NA
NM,Internal Transfer,Zone Surface Water,Zone Land System,Irrigated Agriculture Diversions-NMOSE,Irrigated Agriculture-NMOSE,NM,Outflow,Zone Surface Water,Zone Land System,http://purl.org/iow/WaterBudgetingFramework/IrrigatedAgricultureDiversions-NMOSE,http://purl.org/iow/WaterBudgetingFramework/IrrigatedAgriculture-NMOSE,NA
NM,Internal Transfer,Zone Groundwater,Zone Land System,Irrigated Agriculture Diversions-NMOSE,Irrigated Agriculture-NMOSE,NM,Outflow,Zone Surface Water,Zone Land System,http://purl.org/iow/WaterBudgetingFramework/IrrigatedAgricultureDiversions-NMOSE,http://purl.org/iow/WaterBudgetingFramework/IrrigatedAgriculture-NMOSE,NA
NM,Internal Transfer,Zone Surface Water,Zone Land System,Irrigated Agriculture Diversions-NMOSE,Irrigated Agriculture-NMOSE,NM,Outflow,Zone Surface Water,Atmosphere,http://purl.org/iow/WaterBudgetingFramework/IrrigatedAgricultureDiversions-NMOSE,http://purl.org/iow/WaterBudgetingFramework/IrrigatedAgriculture-NMOSE,NA
NM,Internal Transfer,Zone Groundwater,Zone Land System,Irrigated Agriculture Diversions-NMOSE,Irrigated Agriculture-NMOSE,NM,Outflow,Zone Surface Water,Atmosphere,http://purl.org/iow/WaterBudgetingFramework/IrrigatedAgricultureDiversions-NMOSE,http://purl.org/iow/WaterBudgetingFramework/IrrigatedAgriculture-NMOSE,NA
NM,Internal Transfer,Zone Surface Water,Zone Land System,Irrigated Agriculture Diversions-NMOSE,Irrigated Agriculture-NMOSE,NM,Outflow,Zone Groundwater,Zone Land System,http://purl.org/iow/WaterBudgetingFramework/IrrigatedAgricultureDiversions-NMOSE,http://purl.org/iow/WaterBudgetingFramework/IrrigatedAgriculture-NMOSE,NA
NM,Internal Transfer,Zone Groundwater,Zone Land System,Irrigated Agriculture Diversions-NMOSE,Irrigated Agriculture-NMOSE,NM,Outflow,Zone Groundwater,Zone Land System,http://purl.org/iow/WaterBudgetingFramework/IrrigatedAgricultureDiversions-NMOSE,http://purl.org/iow/WaterBudgetingFramework/IrrigatedAgriculture-NMOSE,NA
NM,Internal Transfer,Zone Surface Water,Zone Land System,Irrigated Agriculture Diversions-NMOSE,Irrigated Agriculture-NMOSE,NM,Outflow,Zone Groundwater,Atmosphere,http://purl.org/iow/WaterBudgetingFramework/IrrigatedAgricultureDiversions-NMOSE,http://purl.org/iow/WaterBudgetingFramework/IrrigatedAgriculture-NMOSE,NA
NM,Internal Transfer,Zone Groundwater,Zone Land System,Irrigated Agriculture Diversions-NMOSE,Irrigated Agriculture-NMOSE,NM,Outflow,Zone Groundwater,Atmosphere,http://purl.org/iow/WaterBudgetingFramework/IrrigatedAgricultureDiversions-NMOSE,http://purl.org/iow/WaterBudgetingFramework/IrrigatedAgriculture-NMOSE,NA
NM,Internal Transfer,Zone Surface Water,Zone Land System,Irrigated Agriculture Diversions-NMOSE,Irrigated Agriculture-NMOSE,NM,Internal Transfer,Zone Surface Water,Zone Land System,http://purl.org/iow/WaterBudgetingFramework/IrrigatedAgricultureDiversions-NMOSE,http://purl.org/iow/WaterBudgetingFramework/IrrigatedAgriculture-NMOSE,NA
NM,Internal Transfer,Zone Groundwater,Zone Land System,Irrigated Agriculture Diversions-NMOSE,Irrigated Agriculture-NMOSE,NM,Internal Transfer,Zone Surface Water,Zone Land System,http://purl.org/iow/WaterBudgetingFramework/IrrigatedAgricultureDiversions-NMOSE,http://purl.org/iow/WaterBudgetingFramework/IrrigatedAgriculture-NMOSE,NA
NM,Internal Transfer,Zone Surface Water,Zone Land System,Irrigated Agriculture Diversions-NMOSE,Irrigated Agriculture-NMOSE,NM,Internal Transfer,Zone Surface Water,Atmosphere,http://purl.org/iow/WaterBudgetingFramework/IrrigatedAgricultureDiversions-NMOSE,http://purl.org/iow/WaterBudgetingFramework/IrrigatedAgriculture-NMOSE,NA
NM,Internal Transfer,Zone Groundwater,Zone Land System,Irrigated Agriculture Diversions-NMOSE,Irrigated Agriculture-NMOSE,NM,Internal Transfer,Zone Surface Water,Atmosphere,http://purl.org/iow/WaterBudgetingFramework/IrrigatedAgricultureDiversions-NMOSE,http://purl.org/iow/WaterBudgetingFramework/IrrigatedAgriculture-NMOSE,NA
NM,Internal Transfer,Zone Surface Water,Zone Land System,Irrigated Agriculture Diversions-NMOSE,Irrigated Agriculture-NMOSE,NM,Internal Transfer,Zone Groundwater,Zone Land System,http://purl.org/iow/WaterBudgetingFramework/IrrigatedAgricultureDiversions-NMOSE,http://purl.org/iow/WaterBudgetingFramework/IrrigatedAgriculture-NMOSE,NA
NM,Internal Transfer,Zone Groundwater,Zone Land System,Irrigated Agriculture Diversions-NMOSE,Irrigated Agriculture-NMOSE,NM,Internal Transfer,Zone Groundwater,Zone Land System,http://purl.org/iow/WaterBudgetingFramework/IrrigatedAgricultureDiversions-NMOSE,http://purl.org/iow/WaterBudgetingFramework/IrrigatedAgriculture-NMOSE,NA
NM,Internal Transfer,Zone Surface Water,Zone Land System,Irrigated Agriculture Diversions-NMOSE,Irrigated Agriculture-NMOSE,NM,Internal Transfer,Zone Groundwater,Atmosphere,http://purl.org/iow/WaterBudgetingFramework/IrrigatedAgricultureDiversions-NMOSE,http://purl.org/iow/WaterBudgetingFramework/IrrigatedAgriculture-NMOSE,NA
NM,Internal Transfer,Zone Groundwater,Zone Land System,Irrigated Agriculture Diversions-NMOSE,Irrigated Agriculture-NMOSE,NM,Internal Transfer,Zone Groundwater,Atmosphere,http://purl.org/iow/WaterBudgetingFramework/IrrigatedAgricultureDiversions-NMOSE,http://purl.org/iow/WaterBudgetingFramework/IrrigatedAgriculture-NMOSE,NA
NM,Internal Transfer,Zone Surface Water,Zone Land System,Irrigated Agriculture Diversions-NMOSE,Agricultural and Municipal Diversions-UT,UT,Internal Transfer,Zone Surface Water,Zone Land System,http://purl.org/iow/WaterBudgetingFramework/IrrigatedAgricultureDiversions-NMOSE,http://purl.org/iow/WaterBudgetingFramework/AgriculturalAndMunicipalDiversions-UT,NA
NM,Internal Transfer,Zone Groundwater,Zone Land System,Irrigated Agriculture Diversions-NMOSE,Agricultural and Municipal Diversions-UT,UT,Internal Transfer,Zone Surface Water,Zone Land System,http://purl.org/iow/WaterBudgetingFramework/IrrigatedAgricultureDiversions-NMOSE,http://purl.org/iow/WaterBudgetingFramework/AgriculturalAndMunicipalDiversions-UT,NA
NM,Internal Transfer,Zone Surface Water,Zone Land System,Irrigated Agriculture Diversions-NMOSE,Agricultural and Municipal Diversions-UT,UT,Internal Transfer,Zone Groundwater,Zone Land System,http://purl.org/iow/WaterBudgetingFramework/IrrigatedAgricultureDiversions-NMOSE,http://purl.org/iow/WaterBudgetingFramework/AgriculturalAndMunicipalDiversions-UT,NA
NM,Internal Transfer,Zone Groundwater,Zone Land System,Irrigated Agriculture Diversions-NMOSE,Agricultural and Municipal Diversions-UT,UT,Internal Transfer,Zone Groundwater,Zone Land System,http://purl.org/iow/WaterBudgetingFramework/IrrigatedAgricultureDiversions-NMOSE,http://purl.org/iow/WaterBudgetingFramework/AgriculturalAndMunicipalDiversions-UT,NA
CA,Internal Transfer,Zone Land System,Zone Groundwater,Recharge of Applied Water-CA,Recharge-NM,NM,Internal Transfer,Zone Land System,Zone Groundwater,http://purl.org/iow/WaterBudgetingFramework/RechargeOfAppliedWater-CA,http://purl.org/iow/WaterBudgetingFramework/Recharge-NM,NA
NM,Outflow,Zone Surface Water,Atmosphere,River Evaporation-NM,NA,NA,NA,NA,NA,http://purl.org/iow/WaterBudgetingFramework/RiverEvaporation-NM,NA,NA
NM,NA,NA,NA,Livestock: Metered-NMOSE,NA,NA,NA,NA,NA,http://purl.org/iow/WaterBudgetingFramework/Livestock%3AMetered-NMOSE,NA,NA
CA,Inflow,Atmosphere,Zone Land System,Precipitation-CA,Precipitation-NM,NM,Inflow,Atmosphere,Zone Land System,http://purl.org/iow/WaterBudgetingFramework/Precipitation-CA,http://purl.org/iow/WaterBudgetingFramework/Precipitation-NM,NA
CA,Internal Transfer,Zone Surface Water,Zone Land System,Surface Water Delivery-CA,NA,NA,NA,NA,NA,http://purl.org/iow/WaterBudgetingFramework/SurfaceWaterDelivery-CA,NA,NA
NM,NA,NA,NA,Public Water Supply: Metered-NMOSE,Public Water Supply-NMOSE,NM,Internal Transfer,Zone Surface Water,Zone Land System,http://purl.org/iow/WaterBudgetingFramework/PublicWaterSupply%3AMetered-NMOSE,http://purl.org/iow/WaterBudgetingFramework/PublicWaterSupply-NMOSE,NA
NM,NA,NA,NA,Public Water Supply: Metered-NMOSE,Public Water Supply-NMOSE,NM,Internal Transfer,Zone Groundwater,Zone Land System,http://purl.org/iow/WaterBudgetingFramework/PublicWaterSupply%3AMetered-NMOSE,http://purl.org/iow/WaterBudgetingFramework/PublicWaterSupply-NMOSE,NA
NM,NA,NA,NA,Commercial: Schools-NMOSE,NA,NA,NA,NA,NA,http://purl.org/iow/WaterBudgetingFramework/Commercial%3ASchools-NMOSE,NA,NA
NM,NA,NA,NA,Surface Water Stock-NM,NA,NA,NA,NA,NA,http://purl.org/iow/WaterBudgetingFramework/SurfaceWaterStock-NM,NA,NA
UT,Internal Transfer,Zone Land System,Zone Surface Water,Total Land Return Flow-UT,NA,NA,NA,NA,NA,http://purl.org/iow/WaterBudgetingFramework/TotalLandReturnFlow-UT,NA,NA
CA,Internal Transfer,Zone Groundwater,Zone Land System,Stored Water Extraction-CA,NA,NA,NA,NA,NA,http://purl.org/iow/WaterBudgetingFramework/StoredWaterExtraction-CA,NA,NA
WY,Internal Transfer,Zone Surface Water,Zone Land System,Total Diversions-WY,NA,NA,NA,NA,NA,http://purl.org/iow/WaterBudgetingFramework/TotalDiversions-WY,NA,NA
NM,Internal Transfer,Zone Surface Water,Zone Land System,Commercial-NMOSE,Municipal and Industrial Diversions-UT,UT,Internal Transfer,Zone Surface Water,Zone Land System,http://purl.org/iow/WaterBudgetingFramework/Commercial-NMOSE,http://purl.org/iow/WaterBudgetingFramework/MunicipalAndIndustrialDiversions-UT,NA
NM,Internal Transfer,Zone Groundwater,Zone Land System,Commercial-NMOSE,Municipal and Industrial Diversions-UT,UT,Internal Transfer,Zone Surface Water,Zone Land System,http://purl.org/iow/WaterBudgetingFramework/Commercial-NMOSE,http://purl.org/iow/WaterBudgetingFramework/MunicipalAndIndustrialDiversions-UT,NA
NM,Internal Transfer,Zone Surface Water,Zone Land System,Commercial-NMOSE,Municipal and Industrial Diversions-UT,UT,Internal Transfer,Zone Groundwater,Zone Land System,http://purl.org/iow/WaterBudgetingFramework/Commercial-NMOSE,http://purl.org/iow/WaterBudgetingFramework/MunicipalAndIndustrialDiversions-UT,NA
NM,Internal Transfer,Zone Groundwater,Zone Land System,Commercial-NMOSE,Municipal and Industrial Diversions-UT,UT,Internal Transfer,Zone Groundwater,Zone Land System,http://purl.org/iow/WaterBudgetingFramework/Commercial-NMOSE,http://purl.org/iow/WaterBudgetingFramework/MunicipalAndIndustrialDiversions-UT,NA
WY,Internal Transfer,Zone Surface Water,Zone Land System,Industrial: Mine Production-WY,NA,NA,NA,NA,NA,http://purl.org/iow/WaterBudgetingFramework/Industrial%3AMineProduction-WY,NA,NA
WY,Internal Transfer,Zone Groundwater,Zone Land System,Industrial: Mine Production-WY,NA,NA,NA,NA,NA,http://purl.org/iow/WaterBudgetingFramework/Industrial%3AMineProduction-WY,NA,NA
CA,Internal Transfer,Zone Groundwater,Zone Surface Water,Stream Gain from Groundwater-CA,NA,NA,NA,NA,NA,http://purl.org/iow/WaterBudgetingFramework/StreamGainFromGroundwater-CA,NA,NA
NM,Internal Transfer,Zone Groundwater,Zone Land System,Groundwater Diversions-NM,NA,NA,NA,NA,NA,http://purl.org/iow/WaterBudgetingFramework/GroundwaterDiversions-NM,NA,NA
CA,NA,NA,NA,Total Outflow-CA,NA,NA,NA,NA,NA,http://purl.org/iow/WaterBudgetingFramework/TotalOutflow-CA,NA,NA
NM,Internal Transfer,Zone Land System,Zone Surface Water,Surface Water Returns-NM,NA,NA,NA,NA,NA,http://purl.org/iow/WaterBudgetingFramework/SurfaceWaterReturns-NM,NA,NA
NM,Outflow,Zone Land System,Atmosphere,Evaporation-NM,NA,NA,NA,NA,NA,http://purl.org/iow/WaterBudgetingFramework/Evaporation-NM,NA,NA
UT,Outflow,Zone Land System,Atmosphere,Riparian Depletions-UT,Natural System Use-UT,UT,Outflow,Zone Surface Water,Atmosphere,http://purl.org/iow/WaterBudgetingFramework/RiparianDepletions-UT,http://purl.org/iow/WaterBudgetingFramework/NaturalSystemUse-UT,NA
UT,Outflow,Zone Land System,Atmosphere,Riparian Depletions-UT,Natural System Use-UT,UT,Outflow,Zone Land System,Atmosphere,http://purl.org/iow/WaterBudgetingFramework/RiparianDepletions-UT,http://purl.org/iow/WaterBudgetingFramework/NaturalSystemUse-UT,NA
UT,Outflow,Zone Land System,Atmosphere,Riparian Depletions-UT,Native Vegetation Consumptive Use-CO,CO,Outflow,Zone Surface Water,Atmosphere,http://purl.org/iow/WaterBudgetingFramework/RiparianDepletions-UT,http://purl.org/iow/WaterBudgetingFramework/NativeVegetationConsumptiveUse-CO,NA
UT,Outflow,Zone Land System,Atmosphere,Riparian Depletions-UT,Native Vegetation Consumptive Use-CO,CO,Outflow,Zone Groundwater,Atmosphere,http://purl.org/iow/WaterBudgetingFramework/RiparianDepletions-UT,http://purl.org/iow/WaterBudgetingFramework/NativeVegetationConsumptiveUse-CO,NA
UT,Outflow,Zone Land System,Atmosphere,Riparian Depletions-UT,Evapotranspiration-CA,CA,Outflow,Zone Land System,Atmosphere,http://purl.org/iow/WaterBudgetingFramework/RiparianDepletions-UT,http://purl.org/iow/WaterBudgetingFramework/Evapotranspiration-CA,NA
CA,Outflow,Zone Land System,Atmosphere,Evapotranspiration-CA,NA,NA,NA,NA,NA,http://purl.org/iow/WaterBudgetingFramework/Evapotranspiration-CA,NA,NA
CA,Outflow,Zone Groundwater,External Groundwater,Subsurface Outflow-CA,NA,NA,NA,NA,NA,http://purl.org/iow/WaterBudgetingFramework/SubsurfaceOutflow-CA,NA,NA
UT,Internal Transfer,Zone Groundwater,Zone Land System,Pumped Groundwater-UT,NA,NA,NA,NA,NA,http://purl.org/iow/WaterBudgetingFramework/PumpedGroundwater-UT,NA,NA
NM,Internal Transfer,Zone Land System,Zone Groundwater,Groundwater Return-NM,NA,NA,NA,NA,NA,http://purl.org/iow/WaterBudgetingFramework/GroundwaterReturn-NM,NA,NA
NM,Inflow,External Surface Water,Zone Surface Water,Surface Water Inflows-NM,NA,NA,NA,NA,NA,http://purl.org/iow/WaterBudgetingFramework/SurfaceWaterInflows-NM,NA,NA
WY,NA,Zone Groundwater,Zone Land System,Domestic Total Use-WY,Applied Water-CA,CA,Internal Transfer,Zone Land System,Zone Land System,http://purl.org/iow/WaterBudgetingFramework/DomesticTotalUse-WY,http://purl.org/iow/WaterBudgetingFramework/AppliedWater-CA,NA
CO,Outflow,Zone Surface Water,External Surface Water,Exports-CO,NA,NA,NA,NA,NA,http://purl.org/iow/WaterBudgetingFramework/Exports-CO,NA,NA
CO,Outflow,Zone Surface Water,External Groundwater,Exports-CO,NA,NA,NA,NA,NA,http://purl.org/iow/WaterBudgetingFramework/Exports-CO,NA,NA
CO,Outflow,Zone Groundwater,External Surface Water,Exports-CO,NA,NA,NA,NA,NA,http://purl.org/iow/WaterBudgetingFramework/Exports-CO,NA,NA
CO,Outflow,Zone Groundwater,External Groundwater,Exports-CO,NA,NA,NA,NA,NA,http://purl.org/iow/WaterBudgetingFramework/Exports-CO,NA,NA
UT,Outflow,Zone Surface Water,Atmosphere,Natural System Use-UT,NA,NA,NA,NA,NA,http://purl.org/iow/WaterBudgetingFramework/NaturalSystemUse-UT,NA,NA
UT,Outflow,Zone Land System,Atmosphere,Natural System Use-UT,NA,NA,NA,NA,NA,http://purl.org/iow/WaterBudgetingFramework/NaturalSystemUse-UT,NA,NA
CA,NA,NA,NA,Total Inflow-CA,NA,NA,NA,NA,NA,http://purl.org/iow/WaterBudgetingFramework/TotalInflow-CA,NA,NA
CA,Outflow,Zone Surface Water,Atmosphere,Conveyance Evaporation-CA,NA,NA,NA,NA,NA,http://purl.org/iow/WaterBudgetingFramework/ConveyanceEvaporation-CA,NA,NA
WY,Outflow,Zone Surface Water,Atmosphere,Livestock Consumptive Use-WY,Applied Water-CA,CA,Internal Transfer,Zone Land System,Zone Land System,http://purl.org/iow/WaterBudgetingFramework/LivestockConsumptiveUse-WY,http://purl.org/iow/WaterBudgetingFramework/AppliedWater-CA,NA
CA,Inflow,NA,Zone Groundwater,Water Release Caused by Land Subsidence-CA,NA,NA,NA,NA,NA,http://purl.org/iow/WaterBudgetingFramework/WaterReleaseCausedByLandSubsidence-CA,NA,NA
UT,Outflow,Zone Land System,Atmosphere,Agricultural Depletions-UT,Surface Water Diversions-CA,CA,Internal Transfer,Zone Surface Water,Zone Surface Water,http://purl.org/iow/WaterBudgetingFramework/AgriculturalDepletions-UT,http://purl.org/iow/WaterBudgetingFramework/SurfaceWaterDiversions-CA,NA
UT,Outflow,Zone Groundwater,Atmosphere,Agricultural Depletions-UT,Surface Water Diversions-CA,CA,Internal Transfer,Zone Surface Water,Zone Surface Water,http://purl.org/iow/WaterBudgetingFramework/AgriculturalDepletions-UT,http://purl.org/iow/WaterBudgetingFramework/SurfaceWaterDiversions-CA,NA
UT,Outflow,Zone Land System,Atmosphere,Agricultural Depletions-UT,Evapotranspiration-CA,CA,Outflow,Zone Land System,Atmosphere,http://purl.org/iow/WaterBudgetingFramework/AgriculturalDepletions-UT,http://purl.org/iow/WaterBudgetingFramework/Evapotranspiration-CA,NA
UT,Outflow,Zone Groundwater,Atmosphere,Agricultural Depletions-UT,Evapotranspiration-CA,CA,Outflow,Zone Land System,Atmosphere,http://purl.org/iow/WaterBudgetingFramework/AgriculturalDepletions-UT,http://purl.org/iow/WaterBudgetingFramework/Evapotranspiration-CA,NA
UT,Outflow,Zone Land System,Atmosphere,Agricultural Depletions-UT,Agricultural Potential Consumptive Use-UT,UT,Internal Transfer,Zone Surface Water,Zone Land System,http://purl.org/iow/WaterBudgetingFramework/AgriculturalDepletions-UT,http://purl.org/iow/WaterBudgetingFramework/AgriculturalPotentialConsumptiveUse-UT,NA
UT,Outflow,Zone Groundwater,Atmosphere,Agricultural Depletions-UT,Agricultural Potential Consumptive Use-UT,UT,Internal Transfer,Zone Surface Water,Zone Land System,http://purl.org/iow/WaterBudgetingFramework/AgriculturalDepletions-UT,http://purl.org/iow/WaterBudgetingFramework/AgriculturalPotentialConsumptiveUse-UT,NA
UT,Outflow,Zone Land System,Atmosphere,Agricultural Depletions-UT,Agricultural Potential Consumptive Use-UT,UT,Internal Transfer,Zone Groundwater,Zone Land System,http://purl.org/iow/WaterBudgetingFramework/AgriculturalDepletions-UT,http://purl.org/iow/WaterBudgetingFramework/AgriculturalPotentialConsumptiveUse-UT,NA
UT,Outflow,Zone Groundwater,Atmosphere,Agricultural Depletions-UT,Agricultural Potential Consumptive Use-UT,UT,Internal Transfer,Zone Groundwater,Zone Land System,http://purl.org/iow/WaterBudgetingFramework/AgriculturalDepletions-UT,http://purl.org/iow/WaterBudgetingFramework/AgriculturalPotentialConsumptiveUse-UT,NA
NM,NA,NA,NA,Public Water Supply: Unmetered-NMOSE,Public Water Supply-NMOSE,NM,Internal Transfer,Zone Surface Water,Zone Land System,http://purl.org/iow/WaterBudgetingFramework/PublicWaterSupply%3AUnmetered-NMOSE,http://purl.org/iow/WaterBudgetingFramework/PublicWaterSupply-NMOSE,NA
NM,NA,NA,NA,Public Water Supply: Unmetered-NMOSE,Public Water Supply-NMOSE,NM,Internal Transfer,Zone Groundwater,Zone Land System,http://purl.org/iow/WaterBudgetingFramework/PublicWaterSupply%3AUnmetered-NMOSE,http://purl.org/iow/WaterBudgetingFramework/PublicWaterSupply-NMOSE,NA
CA,Inflow,External Surface Water,Zone Surface Water,Stream Inflow-CA,NA,NA,NA,NA,NA,http://purl.org/iow/WaterBudgetingFramework/StreamInflow-CA,NA,NA
UT,Inflow,External Surface Water,Zone Surface Water,River Inflow-UT,NA,NA,NA,NA,NA,http://purl.org/iow/WaterBudgetingFramework/RiverInflow-UT,NA,NA
CO,Outflow,Zone Surface Water,Atmosphere,Municipal and Industrial Consumptive Use-CO,NA,NA,NA,NA,NA,http://purl.org/iow/WaterBudgetingFramework/MunicipalAndIndustrialConsumptiveUse-CO,NA,NA
CO,Outflow,Zone Groundwater,Atmosphere,Municipal and Industrial Consumptive Use-CO,NA,NA,NA,NA,NA,http://purl.org/iow/WaterBudgetingFramework/MunicipalAndIndustrialConsumptiveUse-CO,NA,NA
CA,Internal Transfer,Zone Surface Water,Zone Groundwater,Conveyance Seepage-CA,NA,NA,NA,NA,NA,http://purl.org/iow/WaterBudgetingFramework/ConveyanceSeepage-CA,NA,NA
WY,Inflow,External Groundwater,Zone Surface Water,Ungaged Stream Gains-WY,Stream Gain from Groundwater-CA,CA,Internal Transfer,Zone Groundwater,Zone Surface Water,http://purl.org/iow/WaterBudgetingFramework/UngagedStreamGains-WY,http://purl.org/iow/WaterBudgetingFramework/StreamGainFromGroundwater-CA,NA
NM,Internal Transfer,Zone Surface Water,Zone Land System,Livestock-NMOSE,Agricultural and Municipal Diversions-UT,UT,Internal Transfer,Zone Surface Water,Zone Land System,http://purl.org/iow/WaterBudgetingFramework/Livestock-NMOSE,http://purl.org/iow/WaterBudgetingFramework/AgriculturalAndMunicipalDiversions-UT,NA
NM,Internal Transfer,Zone Groundwater,Zone Land System,Livestock-NMOSE,Agricultural and Municipal Diversions-UT,UT,Internal Transfer,Zone Surface Water,Zone Land System,http://purl.org/iow/WaterBudgetingFramework/Livestock-NMOSE,http://purl.org/iow/WaterBudgetingFramework/AgriculturalAndMunicipalDiversions-UT,NA
NM,Internal Transfer,Zone Surface Water,Zone Land System,Livestock-NMOSE,Agricultural and Municipal Diversions-UT,UT,Internal Transfer,Zone Groundwater,Zone Land System,http://purl.org/iow/WaterBudgetingFramework/Livestock-NMOSE,http://purl.org/iow/WaterBudgetingFramework/AgriculturalAndMunicipalDiversions-UT,NA
NM,Internal Transfer,Zone Groundwater,Zone Land System,Livestock-NMOSE,Agricultural and Municipal Diversions-UT,UT,Internal Transfer,Zone Groundwater,Zone Land System,http://purl.org/iow/WaterBudgetingFramework/Livestock-NMOSE,http://purl.org/iow/WaterBudgetingFramework/AgriculturalAndMunicipalDiversions-UT,NA
CO,Storage Change,NA,NA,Change in Ground Water Storage-CO,NA,NA,NA,NA,NA,http://purl.org/iow/WaterBudgetingFramework/ChangeInGroundWaterStorage-CO,NA,NA
NM,Outflow,Zone Groundwater,External Groundwater,Groundwater Outflows-NM,NA,NA,NA,NA,NA,http://purl.org/iow/WaterBudgetingFramework/GroundwaterOutflows-NM,NA,NA
CA,Outflow,Zone Groundwater,External Groundwater,Groundwater Export-CA,NA,NA,NA,NA,NA,http://purl.org/iow/WaterBudgetingFramework/GroundwaterExport-CA,NA,NA
CO,Outflow,Zone Surface Water,Atmosphere,Livestock Consumptive Use-CO,Livestock-NMOSE,NM,Internal Transfer,Zone Surface Water,Zone Land System,http://purl.org/iow/WaterBudgetingFramework/LivestockConsumptiveUse-CO,http://purl.org/iow/WaterBudgetingFramework/Livestock-NMOSE,NA
CO,Outflow,Zone Groundwater,Atmosphere,Livestock Consumptive Use-CO,Livestock-NMOSE,NM,Internal Transfer,Zone Surface Water,Zone Land System,http://purl.org/iow/WaterBudgetingFramework/LivestockConsumptiveUse-CO,http://purl.org/iow/WaterBudgetingFramework/Livestock-NMOSE,NA
CO,Outflow,Zone Surface Water,Atmosphere,Livestock Consumptive Use-CO,Livestock-NMOSE,NM,Internal Transfer,Zone Groundwater,Zone Land System,http://purl.org/iow/WaterBudgetingFramework/LivestockConsumptiveUse-CO,http://purl.org/iow/WaterBudgetingFramework/Livestock-NMOSE,NA
CO,Outflow,Zone Groundwater,Atmosphere,Livestock Consumptive Use-CO,Livestock-NMOSE,NM,Internal Transfer,Zone Groundwater,Zone Land System,http://purl.org/iow/WaterBudgetingFramework/LivestockConsumptiveUse-CO,http://purl.org/iow/WaterBudgetingFramework/Livestock-NMOSE,NA
UT,Internal Transfer,Zone Surface Water,Zone Land System,Municipal and Industrial Diversions-UT,NA,NA,NA,NA,NA,http://purl.org/iow/WaterBudgetingFramework/MunicipalAndIndustrialDiversions-UT,NA,NA
UT,Internal Transfer,Zone Groundwater,Zone Land System,Municipal and Industrial Diversions-UT,NA,NA,NA,NA,NA,http://purl.org/iow/WaterBudgetingFramework/MunicipalAndIndustrialDiversions-UT,NA,NA
NM,NA,NA,NA,Groundwater Stock-NM,NA,NA,NA,NA,NA,http://purl.org/iow/WaterBudgetingFramework/GroundwaterStock-NM,NA,NA
CA,Inflow,Atmosphere,Zone Surface Water,Precipitation on Lakes-CA,Precipitation-NM,NM,Inflow,Atmosphere,Zone Land System,http://purl.org/iow/WaterBudgetingFramework/PrecipitationOnLakes-CA,http://purl.org/iow/WaterBudgetingFramework/Precipitation-NM,NA
CA,Inflow,Atmosphere,Zone Surface Water,Precipitation on Lakes-CA,Precipitation-CA,CA,Inflow,Atmosphere,Zone Land System,http://purl.org/iow/WaterBudgetingFramework/PrecipitationOnLakes-CA,http://purl.org/iow/WaterBudgetingFramework/Precipitation-CA,NA
WY,NA,Zone Surface Water,Zone Land System,Municipal Total Use-WY,Applied Water-CA,CA,Internal Transfer,Zone Land System,Zone Land System,http://purl.org/iow/WaterBudgetingFramework/MunicipalTotalUse-WY,http://purl.org/iow/WaterBudgetingFramework/AppliedWater-CA,NA
WY,NA,Zone Groundwater,Zone Land System,Municipal Total Use-WY,Applied Water-CA,CA,Internal Transfer,Zone Land System,Zone Land System,http://purl.org/iow/WaterBudgetingFramework/MunicipalTotalUse-WY,http://purl.org/iow/WaterBudgetingFramework/AppliedWater-CA,NA
WY,Outflow,Zone Surface Water,Atmosphere,Reservoir Evaporation-WY,Lake Evaporation-CA,CA,Outflow,Zone Surface Water,Atmosphere,http://purl.org/iow/WaterBudgetingFramework/ReservoirEvaporation-WY,http://purl.org/iow/WaterBudgetingFramework/LakeEvaporation-CA,NA
CO,Inflow,External Surface Water,Zone Land System,Imports-CO,NA,NA,NA,NA,NA,http://purl.org/iow/WaterBudgetingFramework/Imports-CO,NA,NA
CO,Inflow,External Groundwater,Zone Land System,Imports-CO,NA,NA,NA,NA,NA,http://purl.org/iow/WaterBudgetingFramework/Imports-CO,NA,NA
NM,NA,NA,NA,Livestock: Unmetered-NMOSE,NA,NA,NA,NA,NA,http://purl.org/iow/WaterBudgetingFramework/Livestock%3AUnmetered-NMOSE,NA,NA
CA,Internal Transfer,Zone Surface Water,Zone Groundwater,Stream Loss to Groundwater-CA,Recharge-NM,NM,Internal Transfer,Zone Land System,Zone Groundwater,http://purl.org/iow/WaterBudgetingFramework/StreamLossToGroundwater-CA,http://purl.org/iow/WaterBudgetingFramework/Recharge-NM,NA
CA,Internal Transfer,Zone Surface Water,Zone Groundwater,Lake Loss to Groundwater-CA,Recharge-NM,NM,Internal Transfer,Zone Land System,Zone Groundwater,http://purl.org/iow/WaterBudgetingFramework/LakeLossToGroundwater-CA,http://purl.org/iow/WaterBudgetingFramework/Recharge-NM,NA
CO,Inflow,External Groundwater,Zone Groundwater,Ground Water Inflow-CO,NA,NA,NA,NA,NA,http://purl.org/iow/WaterBudgetingFramework/GroundWaterInflow-CO,NA,NA
CA,Internal Transfer,Zone Land System,Zone Groundwater,Managed Aquifer Recharge-CA,Recharge-NM,NM,Internal Transfer,Zone Land System,Zone Groundwater,http://purl.org/iow/WaterBudgetingFramework/ManagedAquiferRecharge-CA,http://purl.org/iow/WaterBudgetingFramework/Recharge-NM,NA
WY,Inflow,Atmosphere,Zone Surface Water,Precipitation-WY,NA,NA,NA,NA,NA,http://purl.org/iow/WaterBudgetingFramework/Precipitation-WY,NA,NA
CA,Inflow,External Groundwater,Zone Groundwater,Subsurface Inflow-CA,NA,NA,NA,NA,NA,http://purl.org/iow/WaterBudgetingFramework/SubsurfaceInflow-CA,NA,NA
NM,Internal Transfer,Zone Surface Water,Zone Land System,Power-NMOSE,Municipal and Industrial Diversions-UT,UT,Internal Transfer,Zone Surface Water,Zone Land System,http://purl.org/iow/WaterBudgetingFramework/Power-NMOSE,http://purl.org/iow/WaterBudgetingFramework/MunicipalAndIndustrialDiversions-UT,NA
NM,Internal Transfer,Zone Groundwater,Zone Land System,Power-NMOSE,Municipal and Industrial Diversions-UT,UT,Internal Transfer,Zone Surface Water,Zone Land System,http://purl.org/iow/WaterBudgetingFramework/Power-NMOSE,http://purl.org/iow/WaterBudgetingFramework/MunicipalAndIndustrialDiversions-UT,NA
NM,Internal Transfer,Zone Surface Water,Zone Land System,Power-NMOSE,Municipal and Industrial Diversions-UT,UT,Internal Transfer,Zone Groundwater,Zone Land System,http://purl.org/iow/WaterBudgetingFramework/Power-NMOSE,http://purl.org/iow/WaterBudgetingFramework/MunicipalAndIndustrialDiversions-UT,NA
NM,Internal Transfer,Zone Groundwater,Zone Land System,Power-NMOSE,Municipal and Industrial Diversions-UT,UT,Internal Transfer,Zone Groundwater,Zone Land System,http://purl.org/iow/WaterBudgetingFramework/Power-NMOSE,http://purl.org/iow/WaterBudgetingFramework/MunicipalAndIndustrialDiversions-UT,NA
WY,Internal Transfer,Zone Surface Water,Zone Land System,Irrigation Surface Water Diversions-WY,NA,NA,NA,NA,NA,http://purl.org/iow/WaterBudgetingFramework/IrrigationSurfaceWaterDiversions-WY,NA,NA
CA,Outflow,Zone Land System,External Land System,Recycled Water Export-CA,NA,NA,NA,NA,NA,http://purl.org/iow/WaterBudgetingFramework/RecycledWaterExport-CA,NA,NA
CA,Internal Transfer,Zone Land System,Zone Groundwater,Recharge of Precipitation-CA,Recharge-NM,NM,Internal Transfer,Zone Land System,Zone Groundwater,http://purl.org/iow/WaterBudgetingFramework/RechargeOfPrecipitation-CA,http://purl.org/iow/WaterBudgetingFramework/Recharge-NM,NA
CA,NA,NA,NA,Total Land System Inflow-CA,NA,NA,NA,NA,NA,http://purl.org/iow/WaterBudgetingFramework/TotalLandSystemInflow-CA,NA,NA
UT,Outflow,Zone Surface Water,Atmosphere,Municipal and Industrial Depeltion-UT,Municipal and Industrial Diversions-UT,UT,Internal Transfer,Zone Surface Water,Zone Land System,http://purl.org/iow/WaterBudgetingFramework/MunicipalAndIndustrialDepeltion-UT,http://purl.org/iow/WaterBudgetingFramework/MunicipalAndIndustrialDiversions-UT,NA
UT,Outflow,Zone Groundwater,Atmosphere,Municipal and Industrial Depeltion-UT,Municipal and Industrial Diversions-UT,UT,Internal Transfer,Zone Surface Water,Zone Land System,http://purl.org/iow/WaterBudgetingFramework/MunicipalAndIndustrialDepeltion-UT,http://purl.org/iow/WaterBudgetingFramework/MunicipalAndIndustrialDiversions-UT,NA
UT,Outflow,Zone Surface Water,Atmosphere,Municipal and Industrial Depeltion-UT,Municipal and Industrial Diversions-UT,UT,Internal Transfer,Zone Groundwater,Zone Land System,http://purl.org/iow/WaterBudgetingFramework/MunicipalAndIndustrialDepeltion-UT,http://purl.org/iow/WaterBudgetingFramework/MunicipalAndIndustrialDiversions-UT,NA
UT,Outflow,Zone Groundwater,Atmosphere,Municipal and Industrial Depeltion-UT,Municipal and Industrial Diversions-UT,UT,Internal Transfer,Zone Groundwater,Zone Land System,http://purl.org/iow/WaterBudgetingFramework/MunicipalAndIndustrialDepeltion-UT,http://purl.org/iow/WaterBudgetingFramework/MunicipalAndIndustrialDiversions-UT,NA
UT,Outflow,Zone Surface Water,Atmosphere,Municipal and Industrial Depeltion-UT,Municipal and Industrial Consumptive Use-CO,CO,Outflow,Zone Surface Water,Atmosphere,http://purl.org/iow/WaterBudgetingFramework/MunicipalAndIndustrialDepeltion-UT,http://purl.org/iow/WaterBudgetingFramework/MunicipalAndIndustrialConsumptiveUse-CO,NA
UT,Outflow,Zone Groundwater,Atmosphere,Municipal and Industrial Depeltion-UT,Municipal and Industrial Consumptive Use-CO,CO,Outflow,Zone Surface Water,Atmosphere,http://purl.org/iow/WaterBudgetingFramework/MunicipalAndIndustrialDepeltion-UT,http://purl.org/iow/WaterBudgetingFramework/MunicipalAndIndustrialConsumptiveUse-CO,NA
UT,Outflow,Zone Surface Water,Atmosphere,Municipal and Industrial Depeltion-UT,Municipal and Industrial Consumptive Use-CO,CO,Outflow,Zone Groundwater,Atmosphere,http://purl.org/iow/WaterBudgetingFramework/MunicipalAndIndustrialDepeltion-UT,http://purl.org/iow/WaterBudgetingFramework/MunicipalAndIndustrialConsumptiveUse-CO,NA
UT,Outflow,Zone Groundwater,Atmosphere,Municipal and Industrial Depeltion-UT,Municipal and Industrial Consumptive Use-CO,CO,Outflow,Zone Groundwater,Atmosphere,http://purl.org/iow/WaterBudgetingFramework/MunicipalAndIndustrialDepeltion-UT,http://purl.org/iow/WaterBudgetingFramework/MunicipalAndIndustrialConsumptiveUse-CO,NA
NM,NA,NA,NA,Human Storage and Distribution System Stock-NM,NA,NA,NA,NA,NA,http://purl.org/iow/WaterBudgetingFramework/HumanStorageAndDistributionSystemStock-NM,NA,NA
CA,Storage Change,NA,NA,Change in Groundwater Storage-CA,NA,NA,NA,NA,NA,http://purl.org/iow/WaterBudgetingFramework/ChangeInGroundwaterStorage-CA,NA,NA
CA,Outflow,Zone Groundwater,External Groundwater,Stored Water Export-CA,NA,NA,NA,NA,NA,http://purl.org/iow/WaterBudgetingFramework/StoredWaterExport-CA,NA,NA
UT,Internal Transfer,Zone Surface Water,Zone Land System,Agricultural and Municipal Diversions-UT,Applied Water-CA,CA,Internal Transfer,Zone Land System,Zone Land System,http://purl.org/iow/WaterBudgetingFramework/AgriculturalAndMunicipalDiversions-UT,http://purl.org/iow/WaterBudgetingFramework/AppliedWater-CA,NA
UT,Internal Transfer,Zone Groundwater,Zone Land System,Agricultural and Municipal Diversions-UT,Applied Water-CA,CA,Internal Transfer,Zone Land System,Zone Land System,http://purl.org/iow/WaterBudgetingFramework/AgriculturalAndMunicipalDiversions-UT,http://purl.org/iow/WaterBudgetingFramework/AppliedWater-CA,NA
CO,Outflow,Zone Groundwater,External Groundwater,Ground Water Outflow-CO,NA,NA,NA,NA,NA,http://purl.org/iow/WaterBudgetingFramework/GroundWaterOutflow-CO,NA,NA
UT,Outflow,Zone Surface Water,Atmosphere,Reservoir Evaporation-UT,Lake Evaporation-CA,CA,Outflow,Zone Surface Water,Atmosphere,http://purl.org/iow/WaterBudgetingFramework/ReservoirEvaporation-UT,http://purl.org/iow/WaterBudgetingFramework/LakeEvaporation-CA,NA
UT,Outflow,Zone Surface Water,Atmosphere,Agricultural and Municipal Depletions-UT,Applied Water-CA,CA,Internal Transfer,Zone Land System,Zone Land System,http://purl.org/iow/WaterBudgetingFramework/AgriculturalAndMunicipalDepletions-UT,http://purl.org/iow/WaterBudgetingFramework/AppliedWater-CA,NA
UT,Outflow,Zone Groundwater,Atmosphere,Agricultural and Municipal Depletions-UT,Applied Water-CA,CA,Internal Transfer,Zone Land System,Zone Land System,http://purl.org/iow/WaterBudgetingFramework/AgriculturalAndMunicipalDepletions-UT,http://purl.org/iow/WaterBudgetingFramework/AppliedWater-CA,NA
UT,Outflow,Zone Surface Water,Atmosphere,Agricultural and Municipal Depletions-UT,Agricultural and Municipal Diversions-UT,UT,Internal Transfer,Zone Surface Water,Zone Land System,http://purl.org/iow/WaterBudgetingFramework/AgriculturalAndMunicipalDepletions-UT,http://purl.org/iow/WaterBudgetingFramework/AgriculturalAndMunicipalDiversions-UT,NA
UT,Outflow,Zone Groundwater,Atmosphere,Agricultural and Municipal Depletions-UT,Agricultural and Municipal Diversions-UT,UT,Internal Transfer,Zone Surface Water,Zone Land System,http://purl.org/iow/WaterBudgetingFramework/AgriculturalAndMunicipalDepletions-UT,http://purl.org/iow/WaterBudgetingFramework/AgriculturalAndMunicipalDiversions-UT,NA
UT,Outflow,Zone Surface Water,Atmosphere,Agricultural and Municipal Depletions-UT,Agricultural and Municipal Diversions-UT,UT,Internal Transfer,Zone Groundwater,Zone Land System,http://purl.org/iow/WaterBudgetingFramework/AgriculturalAndMunicipalDepletions-UT,http://purl.org/iow/WaterBudgetingFramework/AgriculturalAndMunicipalDiversions-UT,NA
UT,Outflow,Zone Groundwater,Atmosphere,Agricultural and Municipal Depletions-UT,Agricultural and Municipal Diversions-UT,UT,Internal Transfer,Zone Groundwater,Zone Land System,http://purl.org/iow/WaterBudgetingFramework/AgriculturalAndMunicipalDepletions-UT,http://purl.org/iow/WaterBudgetingFramework/AgriculturalAndMunicipalDiversions-UT,NA
UT,Inflow,Atmosphere,Zone Land System,Precipitation-UT,NA,NA,NA,NA,NA,http://purl.org/iow/WaterBudgetingFramework/Precipitation-UT,NA,NA
NM,Outflow,Zone Land System,Atmosphere,Irrigated Agriculture Depletions-NMOSE,Surface Water Diversions-CA,CA,Internal Transfer,Zone Surface Water,Zone Surface Water,http://purl.org/iow/WaterBudgetingFramework/IrrigatedAgricultureDepletions-NMOSE,http://purl.org/iow/WaterBudgetingFramework/SurfaceWaterDiversions-CA,NA
NM,Outflow,Zone Land System,Atmosphere,Irrigated Agriculture Depletions-NMOSE,Irrigated Agriculture Diversions-NMOSE,NM,Internal Transfer,Zone Surface Water,Zone Land System,http://purl.org/iow/WaterBudgetingFramework/IrrigatedAgricultureDepletions-NMOSE,http://purl.org/iow/WaterBudgetingFramework/IrrigatedAgricultureDiversions-NMOSE,NA
NM,Outflow,Zone Land System,Atmosphere,Irrigated Agriculture Depletions-NMOSE,Irrigated Agriculture Diversions-NMOSE,NM,Internal Transfer,Zone Groundwater,Zone Land System,http://purl.org/iow/WaterBudgetingFramework/IrrigatedAgricultureDepletions-NMOSE,http://purl.org/iow/WaterBudgetingFramework/IrrigatedAgricultureDiversions-NMOSE,NA
NM,Outflow,Zone Land System,Atmosphere,Irrigated Agriculture Depletions-NMOSE,Irrigated Agriculture-NMOSE,NM,Outflow,Zone Surface Water,Zone Land System,http://purl.org/iow/WaterBudgetingFramework/IrrigatedAgricultureDepletions-NMOSE,http://purl.org/iow/WaterBudgetingFramework/IrrigatedAgriculture-NMOSE,NA
NM,Outflow,Zone Land System,Atmosphere,Irrigated Agriculture Depletions-NMOSE,Irrigated Agriculture-NMOSE,NM,Outflow,Zone Surface Water,Atmosphere,http://purl.org/iow/WaterBudgetingFramework/IrrigatedAgricultureDepletions-NMOSE,http://purl.org/iow/WaterBudgetingFramework/IrrigatedAgriculture-NMOSE,NA
NM,Outflow,Zone Land System,Atmosphere,Irrigated Agriculture Depletions-NMOSE,Irrigated Agriculture-NMOSE,NM,Outflow,Zone Groundwater,Zone Land System,http://purl.org/iow/WaterBudgetingFramework/IrrigatedAgricultureDepletions-NMOSE,http://purl.org/iow/WaterBudgetingFramework/IrrigatedAgriculture-NMOSE,NA
NM,Outflow,Zone Land System,Atmosphere,Irrigated Agriculture Depletions-NMOSE,Irrigated Agriculture-NMOSE,NM,Outflow,Zone Groundwater,Atmosphere,http://purl.org/iow/WaterBudgetingFramework/IrrigatedAgricultureDepletions-NMOSE,http://purl.org/iow/WaterBudgetingFramework/IrrigatedAgriculture-NMOSE,NA
NM,Outflow,Zone Land System,Atmosphere,Irrigated Agriculture Depletions-NMOSE,Irrigated Agriculture-NMOSE,NM,Internal Transfer,Zone Surface Water,Zone Land System,http://purl.org/iow/WaterBudgetingFramework/IrrigatedAgricultureDepletions-NMOSE,http://purl.org/iow/WaterBudgetingFramework/IrrigatedAgriculture-NMOSE,NA
NM,Outflow,Zone Land System,Atmosphere,Irrigated Agriculture Depletions-NMOSE,Irrigated Agriculture-NMOSE,NM,Internal Transfer,Zone Surface Water,Atmosphere,http://purl.org/iow/WaterBudgetingFramework/IrrigatedAgricultureDepletions-NMOSE,http://purl.org/iow/WaterBudgetingFramework/IrrigatedAgriculture-NMOSE,NA
NM,Outflow,Zone Land System,Atmosphere,Irrigated Agriculture Depletions-NMOSE,Irrigated Agriculture-NMOSE,NM,Internal Transfer,Zone Groundwater,Zone Land System,http://purl.org/iow/WaterBudgetingFramework/IrrigatedAgricultureDepletions-NMOSE,http://purl.org/iow/WaterBudgetingFramework/IrrigatedAgriculture-NMOSE,NA
NM,Outflow,Zone Land System,Atmosphere,Irrigated Agriculture Depletions-NMOSE,Irrigated Agriculture-NMOSE,NM,Internal Transfer,Zone Groundwater,Atmosphere,http://purl.org/iow/WaterBudgetingFramework/IrrigatedAgricultureDepletions-NMOSE,http://purl.org/iow/WaterBudgetingFramework/IrrigatedAgriculture-NMOSE,NA
NM,Outflow,Zone Land System,Atmosphere,Irrigated Agriculture Depletions-NMOSE,Evapotranspiration-CA,CA,Outflow,Zone Land System,Atmosphere,http://purl.org/iow/WaterBudgetingFramework/IrrigatedAgricultureDepletions-NMOSE,http://purl.org/iow/WaterBudgetingFramework/Evapotranspiration-CA,NA
UT,Inflow,External Surface Water,Zone Surface Water,Basin Inflow-UT,NA,NA,NA,NA,NA,http://purl.org/iow/WaterBudgetingFramework/BasinInflow-UT,NA,NA
NM,NA,NA,NA,Commercial: Metered-NMOSE,Commercial-NMOSE,NM,Internal Transfer,Zone Surface Water,Zone Land System,http://purl.org/iow/WaterBudgetingFramework/Commercial%3AMetered-NMOSE,http://purl.org/iow/WaterBudgetingFramework/Commercial-NMOSE,NA
NM,NA,NA,NA,Commercial: Metered-NMOSE,Commercial-NMOSE,NM,Internal Transfer,Zone Groundwater,Zone Land System,http://purl.org/iow/WaterBudgetingFramework/Commercial%3AMetered-NMOSE,http://purl.org/iow/WaterBudgetingFramework/Commercial-NMOSE,NA
CO,Inflow,Atmosphere,Zone Land System,Precipitation-CO,NA,NA,NA,NA,NA,http://purl.org/iow/WaterBudgetingFramework/Precipitation-CO,NA,NA
NM,Outflow,Zone Surface Water,Zone Land System,Irrigated Agriculture-NMOSE,NA,NA,NA,NA,NA,http://purl.org/iow/WaterBudgetingFramework/IrrigatedAgriculture-NMOSE,NA,NA
NM,Outflow,Zone Surface Water,Atmosphere,Irrigated Agriculture-NMOSE,NA,NA,NA,NA,NA,http://purl.org/iow/WaterBudgetingFramework/IrrigatedAgriculture-NMOSE,NA,NA
NM,Outflow,Zone Groundwater,Zone Land System,Irrigated Agriculture-NMOSE,NA,NA,NA,NA,NA,http://purl.org/iow/WaterBudgetingFramework/IrrigatedAgriculture-NMOSE,NA,NA
NM,Outflow,Zone Groundwater,Atmosphere,Irrigated Agriculture-NMOSE,NA,NA,NA,NA,NA,http://purl.org/iow/WaterBudgetingFramework/IrrigatedAgriculture-NMOSE,NA,NA
NM,Internal Transfer,Zone Surface Water,Zone Land System,Irrigated Agriculture-NMOSE,NA,NA,NA,NA,NA,http://purl.org/iow/WaterBudgetingFramework/IrrigatedAgriculture-NMOSE,NA,NA
NM,Internal Transfer,Zone Surface Water,Atmosphere,Irrigated Agriculture-NMOSE,NA,NA,NA,NA,NA,http://purl.org/iow/WaterBudgetingFramework/IrrigatedAgriculture-NMOSE,NA,NA
NM,Internal Transfer,Zone Groundwater,Zone Land System,Irrigated Agriculture-NMOSE,NA,NA,NA,NA,NA,http://purl.org/iow/WaterBudgetingFramework/IrrigatedAgriculture-NMOSE,NA,NA
NM,Internal Transfer,Zone Groundwater,Atmosphere,Irrigated Agriculture-NMOSE,NA,NA,NA,NA,NA,http://purl.org/iow/WaterBudgetingFramework/IrrigatedAgriculture-NMOSE,NA,NA
WY,Outflow,Zone Surface Water,External Groundwater,Ungaged Stream Losses-WY,Stream Loss to Groundwater-CA,CA,Internal Transfer,Zone Surface Water,Zone Groundwater,http://purl.org/iow/WaterBudgetingFramework/UngagedStreamLosses-WY,http://purl.org/iow/WaterBudgetingFramework/StreamLossToGroundwater-CA,NA
CA,Storage Change,NA,NA,Change in Surface Water Storage-CA,NA,NA,NA,NA,NA,http://purl.org/iow/WaterBudgetingFramework/ChangeInSurfaceWaterStorage-CA,NA,NA
WY,Internal Transfer,Zone Surface Water,Zone Land System,Industrial: Miscellaneous-WY,NA,NA,NA,NA,NA,http://purl.org/iow/WaterBudgetingFramework/Industrial%3AMiscellaneous-WY,NA,NA
WY,Internal Transfer,Zone Groundwater,Zone Land System,Industrial: Miscellaneous-WY,NA,NA,NA,NA,NA,http://purl.org/iow/WaterBudgetingFramework/Industrial%3AMiscellaneous-WY,NA,NA
CA,Outflow,Zone Surface Water,External Surface Water,Surface Water Exports-CA,NA,NA,NA,NA,NA,http://purl.org/iow/WaterBudgetingFramework/SurfaceWaterExports-CA,NA,NA
WY,Inflow,External Surface Water,Zone Surface Water,Gaged Stream Inflow-WY,Stream Inflow-CA,CA,Inflow,External Surface Water,Zone Surface Water,http://purl.org/iow/WaterBudgetingFramework/GagedStreamInflow-WY,http://purl.org/iow/WaterBudgetingFramework/StreamInflow-CA,NA
UT,Outflow,Zone Surface Water,External Surface Water,Area Outflows-UT,Exports-CO,CO,Outflow,Zone Surface Water,External Surface Water,http://purl.org/iow/WaterBudgetingFramework/AreaOutflows,http://purl.org/iow/WaterBudgetingFramework/Exports-CO,NA
UT,Outflow,Zone Land System,External Surface Water,Area Outflows-UT,Exports-CO,CO,Outflow,Zone Surface Water,External Surface Water,http://purl.org/iow/WaterBudgetingFramework/AreaOutflows,http://purl.org/iow/WaterBudgetingFramework/Exports-CO,NA
UT,Outflow,Zone Surface Water,External Surface Water,Area Outflows-UT,Exports-CO,CO,Outflow,Zone Surface Water,External Groundwater,http://purl.org/iow/WaterBudgetingFramework/AreaOutflows,http://purl.org/iow/WaterBudgetingFramework/Exports-CO,NA
UT,Outflow,Zone Land System,External Surface Water,Area Outflows-UT,Exports-CO,CO,Outflow,Zone Surface Water,External Groundwater,http://purl.org/iow/WaterBudgetingFramework/AreaOutflows,http://purl.org/iow/WaterBudgetingFramework/Exports-CO,NA
UT,Outflow,Zone Surface Water,External Surface Water,Area Outflows-UT,Exports-CO,CO,Outflow,Zone Groundwater,External Surface Water,http://purl.org/iow/WaterBudgetingFramework/AreaOutflows,http://purl.org/iow/WaterBudgetingFramework/Exports-CO,NA
UT,Outflow,Zone Land System,External Surface Water,Area Outflows-UT,Exports-CO,CO,Outflow,Zone Groundwater,External Surface Water,http://purl.org/iow/WaterBudgetingFramework/AreaOutflows,http://purl.org/iow/WaterBudgetingFramework/Exports-CO,NA
UT,Outflow,Zone Surface Water,External Surface Water,Area Outflows-UT,Exports-CO,CO,Outflow,Zone Groundwater,External Groundwater,http://purl.org/iow/WaterBudgetingFramework/AreaOutflows,http://purl.org/iow/WaterBudgetingFramework/Exports-CO,NA
UT,Outflow,Zone Land System,External Surface Water,Area Outflows-UT,Exports-CO,CO,Outflow,Zone Groundwater,External Groundwater,http://purl.org/iow/WaterBudgetingFramework/AreaOutflows,http://purl.org/iow/WaterBudgetingFramework/Exports-CO,NA
WY,NA,Zone Surface Water,Atmosphere,Agricultural Consumptive Use-WY,Total Diversions-WY,WY,Internal Transfer,Zone Surface Water,Zone Land System,http://purl.org/iow/WaterBudgetingFramework/AgriculturalConsumptiveUse-WY,http://purl.org/iow/WaterBudgetingFramework/TotalDiversions-WY,NA
WY,NA,Zone Groundwater,Atmosphere,Agricultural Consumptive Use-WY,Total Diversions-WY,WY,Internal Transfer,Zone Surface Water,Zone Land System,http://purl.org/iow/WaterBudgetingFramework/AgriculturalConsumptiveUse-WY,http://purl.org/iow/WaterBudgetingFramework/TotalDiversions-WY,NA
WY,NA,Zone Surface Water,Atmosphere,Agricultural Consumptive Use-WY,Surface Water Diversions-CA,CA,Internal Transfer,Zone Surface Water,Zone Surface Water,http://purl.org/iow/WaterBudgetingFramework/AgriculturalConsumptiveUse-WY,http://purl.org/iow/WaterBudgetingFramework/SurfaceWaterDiversions-CA,NA
WY,NA,Zone Groundwater,Atmosphere,Agricultural Consumptive Use-WY,Surface Water Diversions-CA,CA,Internal Transfer,Zone Surface Water,Zone Surface Water,http://purl.org/iow/WaterBudgetingFramework/AgriculturalConsumptiveUse-WY,http://purl.org/iow/WaterBudgetingFramework/SurfaceWaterDiversions-CA,NA
WY,NA,Zone Surface Water,Atmosphere,Agricultural Consumptive Use-WY,Irrigation Surface Water Diversions-WY,WY,Internal Transfer,Zone Surface Water,Zone Land System,http://purl.org/iow/WaterBudgetingFramework/AgriculturalConsumptiveUse-WY,http://purl.org/iow/WaterBudgetingFramework/IrrigationSurfaceWaterDiversions-WY,NA
WY,NA,Zone Groundwater,Atmosphere,Agricultural Consumptive Use-WY,Irrigation Surface Water Diversions-WY,WY,Internal Transfer,Zone Surface Water,Zone Land System,http://purl.org/iow/WaterBudgetingFramework/AgriculturalConsumptiveUse-WY,http://purl.org/iow/WaterBudgetingFramework/IrrigationSurfaceWaterDiversions-WY,NA
WY,NA,Zone Surface Water,Atmosphere,Agricultural Consumptive Use-WY,Evapotranspiration-CA,CA,Outflow,Zone Land System,Atmosphere,http://purl.org/iow/WaterBudgetingFramework/AgriculturalConsumptiveUse-WY,http://purl.org/iow/WaterBudgetingFramework/Evapotranspiration-CA,NA
WY,NA,Zone Groundwater,Atmosphere,Agricultural Consumptive Use-WY,Evapotranspiration-CA,CA,Outflow,Zone Land System,Atmosphere,http://purl.org/iow/WaterBudgetingFramework/AgriculturalConsumptiveUse-WY,http://purl.org/iow/WaterBudgetingFramework/Evapotranspiration-CA,NA
