j,jL,c,cL,em,emL,p,pL,ds,dsL
http://purl.org/iow/WaterBudgetingFramework#UT,UT,http://purl.org/iow/WaterBudgetingFramework#AgriculturalAndMunicipalDepletions-UT,Agricultural and Municipal Depletions-UT,NA,NA,NA,NA,NA,NA
http://purl.org/iow/WaterBudgetingFramework#UT,UT,http://purl.org/iow/WaterBudgetingFramework#AgriculturalAndMunicipalDiversions-UT,Agricultural and Municipal Diversions-UT,NA,NA,NA,NA,NA,NA
http://purl.org/iow/WaterBudgetingFramework#UT,UT,http://purl.org/iow/WaterBudgetingFramework#AgriculturalDepletions-UT,Agricultural Depletions-UT,NA,NA,NA,NA,NA,NA
http://purl.org/iow/WaterBudgetingFramework#UT,UT,http://purl.org/iow/WaterBudgetingFramework#AgriculturalPotentialConsumptiveUse-UT,Agricultural Potential Consumptive Use-UT,NA,NA,NA,NA,NA,NA
http://purl.org/iow/WaterBudgetingFramework#CA,CA,http://purl.org/iow/WaterBudgetingFramework#AppliedWater-CA,Applied Water-CA,NA,NA,NA,NA,NA,NA
http://purl.org/iow/WaterBudgetingFramework#CA,CA,http://purl.org/iow/WaterBudgetingFramework#AppliedWaterReuse%2FRecycledWater-CA,Applied Water Reuse/Recycled Water-CA,NA,NA,NA,NA,NA,NA
http://purl.org/iow/WaterBudgetingFramework#UT,UT,http://purl.org/iow/WaterBudgetingFramework#AreaOutflows,Area Outflows-UT,NA,NA,NA,NA,NA,NA
http://purl.org/iow/WaterBudgetingFramework#UT,UT,http://purl.org/iow/WaterBudgetingFramework#BasinInflow-UT,Basin Inflow-UT,NA,NA,NA,NA,NA,NA
http://purl.org/iow/WaterBudgetingFramework#UT,UT,http://purl.org/iow/WaterBudgetingFramework#BasinOutflow-UT,Basin Outflow-UT,NA,NA,NA,NA,NA,NA
http://purl.org/iow/WaterBudgetingFramework#CO,CO,http://purl.org/iow/WaterBudgetingFramework#ChangeInGroundWaterStorage-CO,Change in Ground Water Storage-CO,NA,NA,NA,NA,NA,NA
http://purl.org/iow/WaterBudgetingFramework#CA,CA,http://purl.org/iow/WaterBudgetingFramework#ChangeInGroundwaterStorage-CA,Change in Groundwater Storage-CA,NA,NA,NA,NA,NA,NA
http://purl.org/iow/WaterBudgetingFramework#CA,CA,http://purl.org/iow/WaterBudgetingFramework#ChangeInLandSystemStorage-CA,Change in Land System Storage-CA,NA,NA,NA,NA,NA,NA
http://purl.org/iow/WaterBudgetingFramework#CA,CA,http://purl.org/iow/WaterBudgetingFramework#ChangeInSurfaceWaterStorage-CA,Change in Surface Water Storage-CA,NA,NA,NA,NA,NA,NA
http://purl.org/iow/WaterBudgetingFramework#CO,CO,http://purl.org/iow/WaterBudgetingFramework#ChangeInSurfaceWaterStorage-CO,Change in Surface Water Storage-CO,NA,NA,NA,NA,NA,NA
http://purl.org/iow/WaterBudgetingFramework#CA,CA,http://purl.org/iow/WaterBudgetingFramework#ChangeInTotalSystemStorage-CA,Change in Total System Storage-CA,NA,NA,NA,NA,NA,NA
http://purl.org/iow/WaterBudgetingFramework#CA,CA,http://purl.org/iow/WaterBudgetingFramework#ConveyanceEvaporation-CA,Conveyance Evaporation-CA,NA,NA,NA,NA,NA,NA
http://purl.org/iow/WaterBudgetingFramework#CA,CA,http://purl.org/iow/WaterBudgetingFramework#ConveyanceSeepage-CA,Conveyance Seepage-CA,NA,NA,NA,NA,NA,NA
http://purl.org/iow/WaterBudgetingFramework#CO,CO,http://purl.org/iow/WaterBudgetingFramework#CropConsumptiveUse-CO,Crop Consumptive Use-CO,http://purl.org/iow/WaterBudgetingFramework#DailyASCEStandardizedPenman-Monteith,Daily ASCE Standardized Penman-Monteith,http://purl.org/iow/WaterBudgetingFramework#SolarRadiation,Solar Radiation,http://purl.org/iow/WaterBudgetingFramework#COAgriculturalMeteorologyNetworkStation,CO Agricultural Meteorology Network Station (COAGM)
http://purl.org/iow/WaterBudgetingFramework#CO,CO,http://purl.org/iow/WaterBudgetingFramework#CropConsumptiveUse-CO,Crop Consumptive Use-CO,http://purl.org/iow/WaterBudgetingFramework#DailyASCEStandardizedPenman-Monteith,Daily ASCE Standardized Penman-Monteith,http://purl.org/iow/WaterBudgetingFramework#SolarRadiation,Solar Radiation,http://purl.org/iow/WaterBudgetingFramework#NationalOceanicAndAtmosphericAdministrationStations,National Oceanic and Atmospheric Administration Stations
http://purl.org/iow/WaterBudgetingFramework#CO,CO,http://purl.org/iow/WaterBudgetingFramework#CropConsumptiveUse-CO,Crop Consumptive Use-CO,http://purl.org/iow/WaterBudgetingFramework#DailyASCEStandardizedPenman-Monteith,Daily ASCE Standardized Penman-Monteith,http://purl.org/iow/WaterBudgetingFramework#Temperature,Temperature,http://purl.org/iow/WaterBudgetingFramework#COAgriculturalMeteorologyNetworkStation,CO Agricultural Meteorology Network Station (COAGM)
http://purl.org/iow/WaterBudgetingFramework#CO,CO,http://purl.org/iow/WaterBudgetingFramework#CropConsumptiveUse-CO,Crop Consumptive Use-CO,http://purl.org/iow/WaterBudgetingFramework#DailyASCEStandardizedPenman-Monteith,Daily ASCE Standardized Penman-Monteith,http://purl.org/iow/WaterBudgetingFramework#Temperature,Temperature,http://purl.org/iow/WaterBudgetingFramework#NationalOceanicAndAtmosphericAdministrationStations,National Oceanic and Atmospheric Administration Stations
http://purl.org/iow/WaterBudgetingFramework#CO,CO,http://purl.org/iow/WaterBudgetingFramework#CropConsumptiveUse-CO,Crop Consumptive Use-CO,http://purl.org/iow/WaterBudgetingFramework#DailyASCEStandardizedPenman-Monteith,Daily ASCE Standardized Penman-Monteith,http://purl.org/iow/WaterBudgetingFramework#VaporPressure,Vapor Pressure,http://purl.org/iow/WaterBudgetingFramework#COAgriculturalMeteorologyNetworkStation,CO Agricultural Meteorology Network Station (COAGM)
http://purl.org/iow/WaterBudgetingFramework#CO,CO,http://purl.org/iow/WaterBudgetingFramework#CropConsumptiveUse-CO,Crop Consumptive Use-CO,http://purl.org/iow/WaterBudgetingFramework#DailyASCEStandardizedPenman-Monteith,Daily ASCE Standardized Penman-Monteith,http://purl.org/iow/WaterBudgetingFramework#VaporPressure,Vapor Pressure,http://purl.org/iow/WaterBudgetingFramework#NationalOceanicAndAtmosphericAdministrationStations,National Oceanic and Atmospheric Administration Stations
http://purl.org/iow/WaterBudgetingFramework#CO,CO,http://purl.org/iow/WaterBudgetingFramework#CropConsumptiveUse-CO,Crop Consumptive Use-CO,http://purl.org/iow/WaterBudgetingFramework#DailyASCEStandardizedPenman-Monteith,Daily ASCE Standardized Penman-Monteith,http://purl.org/iow/WaterBudgetingFramework#WindRun,Wind Run,http://purl.org/iow/WaterBudgetingFramework#COAgriculturalMeteorologyNetworkStation,CO Agricultural Meteorology Network Station (COAGM)
http://purl.org/iow/WaterBudgetingFramework#CO,CO,http://purl.org/iow/WaterBudgetingFramework#CropConsumptiveUse-CO,Crop Consumptive Use-CO,http://purl.org/iow/WaterBudgetingFramework#DailyASCEStandardizedPenman-Monteith,Daily ASCE Standardized Penman-Monteith,http://purl.org/iow/WaterBudgetingFramework#WindRun,Wind Run,http://purl.org/iow/WaterBudgetingFramework#NationalOceanicAndAtmosphericAdministrationStations,National Oceanic and Atmospheric Administration Stations
http://purl.org/iow/WaterBudgetingFramework#CO,CO,http://purl.org/iow/WaterBudgetingFramework#CropConsumptiveUse-CO,Crop Consumptive Use-CO,http://purl.org/iow/WaterBudgetingFramework#DailyModifiedHargreaves,Daily Modified Hargreaves,http://purl.org/iow/WaterBudgetingFramework#SolarRadiation,Solar Radiation,http://purl.org/iow/WaterBudgetingFramework#COAgriculturalMeteorologyNetworkStation,CO Agricultural Meteorology Network Station (COAGM)
http://purl.org/iow/WaterBudgetingFramework#CO,CO,http://purl.org/iow/WaterBudgetingFramework#CropConsumptiveUse-CO,Crop Consumptive Use-CO,http://purl.org/iow/WaterBudgetingFramework#DailyModifiedHargreaves,Daily Modified Hargreaves,http://purl.org/iow/WaterBudgetingFramework#SolarRadiation,Solar Radiation,http://purl.org/iow/WaterBudgetingFramework#NationalOceanicAndAtmosphericAdministrationStations,National Oceanic and Atmospheric Administration Stations
http://purl.org/iow/WaterBudgetingFramework#CO,CO,http://purl.org/iow/WaterBudgetingFramework#CropConsumptiveUse-CO,Crop Consumptive Use-CO,http://purl.org/iow/WaterBudgetingFramework#DailyModifiedHargreaves,Daily Modified Hargreaves,http://purl.org/iow/WaterBudgetingFramework#Temperature,Temperature,http://purl.org/iow/WaterBudgetingFramework#COAgriculturalMeteorologyNetworkStation,CO Agricultural Meteorology Network Station (COAGM)
http://purl.org/iow/WaterBudgetingFramework#CO,CO,http://purl.org/iow/WaterBudgetingFramework#CropConsumptiveUse-CO,Crop Consumptive Use-CO,http://purl.org/iow/WaterBudgetingFramework#DailyModifiedHargreaves,Daily Modified Hargreaves,http://purl.org/iow/WaterBudgetingFramework#Temperature,Temperature,http://purl.org/iow/WaterBudgetingFramework#NationalOceanicAndAtmosphericAdministrationStations,National Oceanic and Atmospheric Administration Stations
http://purl.org/iow/WaterBudgetingFramework#CO,CO,http://purl.org/iow/WaterBudgetingFramework#CropConsumptiveUse-CO,Crop Consumptive Use-CO,http://purl.org/iow/WaterBudgetingFramework#DailyModifiedHargreaves,Daily Modified Hargreaves,http://purl.org/iow/WaterBudgetingFramework#WindRun,Wind Run,http://purl.org/iow/WaterBudgetingFramework#COAgriculturalMeteorologyNetworkStation,CO Agricultural Meteorology Network Station (COAGM)
http://purl.org/iow/WaterBudgetingFramework#CO,CO,http://purl.org/iow/WaterBudgetingFramework#CropConsumptiveUse-CO,Crop Consumptive Use-CO,http://purl.org/iow/WaterBudgetingFramework#DailyModifiedHargreaves,Daily Modified Hargreaves,http://purl.org/iow/WaterBudgetingFramework#WindRun,Wind Run,http://purl.org/iow/WaterBudgetingFramework#NationalOceanicAndAtmosphericAdministrationStations,National Oceanic and Atmospheric Administration Stations
http://purl.org/iow/WaterBudgetingFramework#CO,CO,http://purl.org/iow/WaterBudgetingFramework#CropConsumptiveUse-CO,Crop Consumptive Use-CO,http://purl.org/iow/WaterBudgetingFramework#DailyPenman-Monteith,Daily Penman-Monteith,http://purl.org/iow/WaterBudgetingFramework#SolarRadiation,Solar Radiation,http://purl.org/iow/WaterBudgetingFramework#COAgriculturalMeteorologyNetworkStation,CO Agricultural Meteorology Network Station (COAGM)
http://purl.org/iow/WaterBudgetingFramework#CO,CO,http://purl.org/iow/WaterBudgetingFramework#CropConsumptiveUse-CO,Crop Consumptive Use-CO,http://purl.org/iow/WaterBudgetingFramework#DailyPenman-Monteith,Daily Penman-Monteith,http://purl.org/iow/WaterBudgetingFramework#SolarRadiation,Solar Radiation,http://purl.org/iow/WaterBudgetingFramework#NationalOceanicAndAtmosphericAdministrationStations,National Oceanic and Atmospheric Administration Stations
http://purl.org/iow/WaterBudgetingFramework#CO,CO,http://purl.org/iow/WaterBudgetingFramework#CropConsumptiveUse-CO,Crop Consumptive Use-CO,http://purl.org/iow/WaterBudgetingFramework#DailyPenman-Monteith,Daily Penman-Monteith,http://purl.org/iow/WaterBudgetingFramework#Temperature,Temperature,http://purl.org/iow/WaterBudgetingFramework#COAgriculturalMeteorologyNetworkStation,CO Agricultural Meteorology Network Station (COAGM)
http://purl.org/iow/WaterBudgetingFramework#CO,CO,http://purl.org/iow/WaterBudgetingFramework#CropConsumptiveUse-CO,Crop Consumptive Use-CO,http://purl.org/iow/WaterBudgetingFramework#DailyPenman-Monteith,Daily Penman-Monteith,http://purl.org/iow/WaterBudgetingFramework#Temperature,Temperature,http://purl.org/iow/WaterBudgetingFramework#NationalOceanicAndAtmosphericAdministrationStations,National Oceanic and Atmospheric Administration Stations
http://purl.org/iow/WaterBudgetingFramework#CO,CO,http://purl.org/iow/WaterBudgetingFramework#CropConsumptiveUse-CO,Crop Consumptive Use-CO,http://purl.org/iow/WaterBudgetingFramework#DailyPenman-Monteith,Daily Penman-Monteith,http://purl.org/iow/WaterBudgetingFramework#VaporPressure,Vapor Pressure,http://purl.org/iow/WaterBudgetingFramework#COAgriculturalMeteorologyNetworkStation,CO Agricultural Meteorology Network Station (COAGM)
http://purl.org/iow/WaterBudgetingFramework#CO,CO,http://purl.org/iow/WaterBudgetingFramework#CropConsumptiveUse-CO,Crop Consumptive Use-CO,http://purl.org/iow/WaterBudgetingFramework#DailyPenman-Monteith,Daily Penman-Monteith,http://purl.org/iow/WaterBudgetingFramework#VaporPressure,Vapor Pressure,http://purl.org/iow/WaterBudgetingFramework#NationalOceanicAndAtmosphericAdministrationStations,National Oceanic and Atmospheric Administration Stations
http://purl.org/iow/WaterBudgetingFramework#CO,CO,http://purl.org/iow/WaterBudgetingFramework#CropConsumptiveUse-CO,Crop Consumptive Use-CO,http://purl.org/iow/WaterBudgetingFramework#DailyPenman-Monteith,Daily Penman-Monteith,http://purl.org/iow/WaterBudgetingFramework#WindRun,Wind Run,http://purl.org/iow/WaterBudgetingFramework#COAgriculturalMeteorologyNetworkStation,CO Agricultural Meteorology Network Station (COAGM)
http://purl.org/iow/WaterBudgetingFramework#CO,CO,http://purl.org/iow/WaterBudgetingFramework#CropConsumptiveUse-CO,Crop Consumptive Use-CO,http://purl.org/iow/WaterBudgetingFramework#DailyPenman-Monteith,Daily Penman-Monteith,http://purl.org/iow/WaterBudgetingFramework#WindRun,Wind Run,http://purl.org/iow/WaterBudgetingFramework#NationalOceanicAndAtmosphericAdministrationStations,National Oceanic and Atmospheric Administration Stations
http://purl.org/iow/WaterBudgetingFramework#CO,CO,http://purl.org/iow/WaterBudgetingFramework#CropConsumptiveUse-CO,Crop Consumptive Use-CO,http://purl.org/iow/WaterBudgetingFramework#ModifiedBlaney-Criddle,Modified Blaney-Criddle,http://purl.org/iow/WaterBudgetingFramework#CropGrowthStateCoefficient%28Kc%29,Crop Growth State Coefficient (Kc),http://purl.org/iow/WaterBudgetingFramework#SCSTR21,SCS TR21
http://purl.org/iow/WaterBudgetingFramework#CO,CO,http://purl.org/iow/WaterBudgetingFramework#CropConsumptiveUse-CO,Crop Consumptive Use-CO,http://purl.org/iow/WaterBudgetingFramework#ModifiedBlaney-Criddle,Modified Blaney-Criddle,http://purl.org/iow/WaterBudgetingFramework#SumOfMonthlyConsumptiveUseFactorsForGrowingSeason%28F%29,Sum of Monthly Consumptive Use Factors for Growing Season (F),http://purl.org/iow/WaterBudgetingFramework#COAgriculturalMeteorologyNetworkStation,CO Agricultural Meteorology Network Station (COAGM)
http://purl.org/iow/WaterBudgetingFramework#CO,CO,http://purl.org/iow/WaterBudgetingFramework#CropConsumptiveUse-CO,Crop Consumptive Use-CO,http://purl.org/iow/WaterBudgetingFramework#ModifiedBlaney-Criddle,Modified Blaney-Criddle,http://purl.org/iow/WaterBudgetingFramework#SumOfMonthlyConsumptiveUseFactorsForGrowingSeason%28F%29,Sum of Monthly Consumptive Use Factors for Growing Season (F),http://purl.org/iow/WaterBudgetingFramework#NationalOceanicAndAtmosphericAdministrationStations,National Oceanic and Atmospheric Administration Stations
http://purl.org/iow/WaterBudgetingFramework#CO,CO,http://purl.org/iow/WaterBudgetingFramework#CropConsumptiveUse-CO,Crop Consumptive Use-CO,http://purl.org/iow/WaterBudgetingFramework#ModifiedBlaney-Criddle,Modified Blaney-Criddle,http://purl.org/iow/WaterBudgetingFramework#TemperatureCoefficient%28Kt%29,Temperature Coefficient (Kt),http://purl.org/iow/WaterBudgetingFramework#SCSTR21,SCS TR21
http://purl.org/iow/WaterBudgetingFramework#CO,CO,http://purl.org/iow/WaterBudgetingFramework#CropConsumptiveUse-CO,Crop Consumptive Use-CO,http://purl.org/iow/WaterBudgetingFramework#ModifiedBlaney-CriddleWithETElevationAdjustment,Modified Blaney-Criddle with ET Elevation Adjustment,http://purl.org/iow/WaterBudgetingFramework#CropGrowthStateCoefficient%28Kc%29,Crop Growth State Coefficient (Kc),http://purl.org/iow/WaterBudgetingFramework#SCSTR21,SCS TR21
http://purl.org/iow/WaterBudgetingFramework#CO,CO,http://purl.org/iow/WaterBudgetingFramework#CropConsumptiveUse-CO,Crop Consumptive Use-CO,http://purl.org/iow/WaterBudgetingFramework#ModifiedBlaney-CriddleWithETElevationAdjustment,Modified Blaney-Criddle with ET Elevation Adjustment,http://purl.org/iow/WaterBudgetingFramework#SumOfMonthlyConsumptiveUseFactorsForGrowingSeason%28F%29,Sum of Monthly Consumptive Use Factors for Growing Season (F),http://purl.org/iow/WaterBudgetingFramework#COAgriculturalMeteorologyNetworkStation,CO Agricultural Meteorology Network Station (COAGM)
http://purl.org/iow/WaterBudgetingFramework#CO,CO,http://purl.org/iow/WaterBudgetingFramework#CropConsumptiveUse-CO,Crop Consumptive Use-CO,http://purl.org/iow/WaterBudgetingFramework#ModifiedBlaney-CriddleWithETElevationAdjustment,Modified Blaney-Criddle with ET Elevation Adjustment,http://purl.org/iow/WaterBudgetingFramework#SumOfMonthlyConsumptiveUseFactorsForGrowingSeason%28F%29,Sum of Monthly Consumptive Use Factors for Growing Season (F),http://purl.org/iow/WaterBudgetingFramework#NationalOceanicAndAtmosphericAdministrationStations,National Oceanic and Atmospheric Administration Stations
http://purl.org/iow/WaterBudgetingFramework#CO,CO,http://purl.org/iow/WaterBudgetingFramework#CropConsumptiveUse-CO,Crop Consumptive Use-CO,http://purl.org/iow/WaterBudgetingFramework#ModifiedBlaney-CriddleWithETElevationAdjustment,Modified Blaney-Criddle with ET Elevation Adjustment,http://purl.org/iow/WaterBudgetingFramework#TemperatureCoefficient%28Kt%29,Temperature Coefficient (Kt),http://purl.org/iow/WaterBudgetingFramework#SCSTR21,SCS TR21
http://purl.org/iow/WaterBudgetingFramework#CO,CO,http://purl.org/iow/WaterBudgetingFramework#CropConsumptiveUse-CO,Crop Consumptive Use-CO,http://purl.org/iow/WaterBudgetingFramework#OriginalBlaney-Criddle,Original Blaney-Criddle,http://purl.org/iow/WaterBudgetingFramework#CropGrowthStateCoefficient%28Kc%29,Crop Growth State Coefficient (Kc),http://purl.org/iow/WaterBudgetingFramework#SCSTR21,SCS TR21
http://purl.org/iow/WaterBudgetingFramework#CO,CO,http://purl.org/iow/WaterBudgetingFramework#CropConsumptiveUse-CO,Crop Consumptive Use-CO,http://purl.org/iow/WaterBudgetingFramework#OriginalBlaney-Criddle,Original Blaney-Criddle,http://purl.org/iow/WaterBudgetingFramework#SumOfMonthlyConsumptiveUseFactorsForGrowingSeason%28F%29,Sum of Monthly Consumptive Use Factors for Growing Season (F),http://purl.org/iow/WaterBudgetingFramework#COAgriculturalMeteorologyNetworkStation,CO Agricultural Meteorology Network Station (COAGM)
http://purl.org/iow/WaterBudgetingFramework#CO,CO,http://purl.org/iow/WaterBudgetingFramework#CropConsumptiveUse-CO,Crop Consumptive Use-CO,http://purl.org/iow/WaterBudgetingFramework#OriginalBlaney-Criddle,Original Blaney-Criddle,http://purl.org/iow/WaterBudgetingFramework#SumOfMonthlyConsumptiveUseFactorsForGrowingSeason%28F%29,Sum of Monthly Consumptive Use Factors for Growing Season (F),http://purl.org/iow/WaterBudgetingFramework#NationalOceanicAndAtmosphericAdministrationStations,National Oceanic and Atmospheric Administration Stations
http://purl.org/iow/WaterBudgetingFramework#CO,CO,http://purl.org/iow/WaterBudgetingFramework#CropConsumptiveUse-CO,Crop Consumptive Use-CO,http://purl.org/iow/WaterBudgetingFramework#OriginalBlaney-Criddle,Original Blaney-Criddle,http://purl.org/iow/WaterBudgetingFramework#TemperatureCoefficient%28Kt%29,Temperature Coefficient (Kt),http://purl.org/iow/WaterBudgetingFramework#SCSTR21,SCS TR21
http://purl.org/iow/WaterBudgetingFramework#CO,CO,http://purl.org/iow/WaterBudgetingFramework#CropConsumptiveUse-CO,Crop Consumptive Use-CO,http://purl.org/iow/WaterBudgetingFramework#OriginalBlaney-CriddleWithETElevationAdjustment,Original Blaney-Criddle with ET Elevation Adjustment,http://purl.org/iow/WaterBudgetingFramework#CropGrowthStateCoefficient%28Kc%29,Crop Growth State Coefficient (Kc),http://purl.org/iow/WaterBudgetingFramework#SCSTR21,SCS TR21
http://purl.org/iow/WaterBudgetingFramework#CO,CO,http://purl.org/iow/WaterBudgetingFramework#CropConsumptiveUse-CO,Crop Consumptive Use-CO,http://purl.org/iow/WaterBudgetingFramework#OriginalBlaney-CriddleWithETElevationAdjustment,Original Blaney-Criddle with ET Elevation Adjustment,http://purl.org/iow/WaterBudgetingFramework#SumOfMonthlyConsumptiveUseFactorsForGrowingSeason%28F%29,Sum of Monthly Consumptive Use Factors for Growing Season (F),http://purl.org/iow/WaterBudgetingFramework#COAgriculturalMeteorologyNetworkStation,CO Agricultural Meteorology Network Station (COAGM)
http://purl.org/iow/WaterBudgetingFramework#CO,CO,http://purl.org/iow/WaterBudgetingFramework#CropConsumptiveUse-CO,Crop Consumptive Use-CO,http://purl.org/iow/WaterBudgetingFramework#OriginalBlaney-CriddleWithETElevationAdjustment,Original Blaney-Criddle with ET Elevation Adjustment,http://purl.org/iow/WaterBudgetingFramework#SumOfMonthlyConsumptiveUseFactorsForGrowingSeason%28F%29,Sum of Monthly Consumptive Use Factors for Growing Season (F),http://purl.org/iow/WaterBudgetingFramework#NationalOceanicAndAtmosphericAdministrationStations,National Oceanic and Atmospheric Administration Stations
http://purl.org/iow/WaterBudgetingFramework#CO,CO,http://purl.org/iow/WaterBudgetingFramework#CropConsumptiveUse-CO,Crop Consumptive Use-CO,http://purl.org/iow/WaterBudgetingFramework#OriginalBlaney-CriddleWithETElevationAdjustment,Original Blaney-Criddle with ET Elevation Adjustment,http://purl.org/iow/WaterBudgetingFramework#TemperatureCoefficient%28Kt%29,Temperature Coefficient (Kt),http://purl.org/iow/WaterBudgetingFramework#SCSTR21,SCS TR21
http://purl.org/iow/WaterBudgetingFramework#UT,UT,http://purl.org/iow/WaterBudgetingFramework#CoplandPrecipitation-UT,Cropland Precipitation-UT,NA,NA,NA,NA,NA,NA
http://purl.org/iow/WaterBudgetingFramework#NM,NM,http://purl.org/iow/WaterBudgetingFramework#Evaporation-NM,Evaporation-NM,NA,NA,NA,NA,NA,NA
http://purl.org/iow/WaterBudgetingFramework#CA,CA,http://purl.org/iow/WaterBudgetingFramework#Evapotranspiration-CA,Evapotranspiration-CA,NA,NA,NA,NA,NA,NA
http://purl.org/iow/WaterBudgetingFramework#CO,CO,http://purl.org/iow/WaterBudgetingFramework#Exports-CO,Exports-CO,NA,NA,NA,NA,NA,NA
http://purl.org/iow/WaterBudgetingFramework#UT,UT,http://purl.org/iow/WaterBudgetingFramework#FlowConstrainedActualConsumptiveUse-UT,Flow Constrained Actual Consumptive Use-UT,NA,NA,NA,NA,NA,NA
http://purl.org/iow/WaterBudgetingFramework#CO,CO,http://purl.org/iow/WaterBudgetingFramework#GagedSurfaceWaterInflow-CO,Gaged Surface Water Inflow-CO,NA,NA,NA,NA,NA,NA
http://purl.org/iow/WaterBudgetingFramework#CO,CO,http://purl.org/iow/WaterBudgetingFramework#GagedSurfaceWaterOutflow-CO,Gaged Surface Water Outflow-CO,NA,NA,NA,NA,NA,NA
http://purl.org/iow/WaterBudgetingFramework#CO,CO,http://purl.org/iow/WaterBudgetingFramework#GroundWaterInflow-CO,Ground Water Inflow-CO,NA,NA,NA,NA,NA,NA
http://purl.org/iow/WaterBudgetingFramework#CO,CO,http://purl.org/iow/WaterBudgetingFramework#GroundWaterOutflow-CO,Ground Water Outflow-CO,NA,NA,NA,NA,NA,NA
http://purl.org/iow/WaterBudgetingFramework#NM,NM,http://purl.org/iow/WaterBudgetingFramework#GroundwaterDiversions-NM,Groundwater Diversions-NM,NA,NA,NA,NA,NA,NA
http://purl.org/iow/WaterBudgetingFramework#NM,NM,http://purl.org/iow/WaterBudgetingFramework#GroundwaterET-NM,Groundwater ET-NM,NA,NA,NA,NA,NA,NA
http://purl.org/iow/WaterBudgetingFramework#CA,CA,http://purl.org/iow/WaterBudgetingFramework#GroundwaterExport-CA,Groundwater Export-CA,NA,NA,NA,NA,NA,NA
http://purl.org/iow/WaterBudgetingFramework#CA,CA,http://purl.org/iow/WaterBudgetingFramework#GroundwaterExtraction-CA,Groundwater Extraction-CA,NA,NA,NA,NA,NA,NA
http://purl.org/iow/WaterBudgetingFramework#NM,NM,http://purl.org/iow/WaterBudgetingFramework#GroundwaterInflows-NM,Groundwater Inflows-NM,NA,NA,NA,NA,NA,NA
http://purl.org/iow/WaterBudgetingFramework#NM,NM,http://purl.org/iow/WaterBudgetingFramework#GroundwaterOutflows-NM,Groundwater Outflows-NM,NA,NA,NA,NA,NA,NA
http://purl.org/iow/WaterBudgetingFramework#NM,NM,http://purl.org/iow/WaterBudgetingFramework#GroundwaterReturn-NM,Groundwater Return-NM,NA,NA,NA,NA,NA,NA
http://purl.org/iow/WaterBudgetingFramework#NM,NM,http://purl.org/iow/WaterBudgetingFramework#GroundwaterStock-NM,Groundwater Stock-NM,NA,NA,NA,NA,NA,NA
http://purl.org/iow/WaterBudgetingFramework#UT,UT,http://purl.org/iow/WaterBudgetingFramework#GroundwaterUse-UT,Groundwater Use-UT,NA,NA,NA,NA,NA,NA
http://purl.org/iow/WaterBudgetingFramework#NM,NM,http://purl.org/iow/WaterBudgetingFramework#HumanStorageAndDistributionSystemStock-NM,Human Storage and Distribution System Stock-NM,NA,NA,NA,NA,NA,NA
http://purl.org/iow/WaterBudgetingFramework#CA,CA,http://purl.org/iow/WaterBudgetingFramework#ImportedWater-CA,Imported Water-CA,NA,NA,NA,NA,NA,NA
http://purl.org/iow/WaterBudgetingFramework#CO,CO,http://purl.org/iow/WaterBudgetingFramework#Imports-CO,Imports-CO,NA,NA,NA,NA,NA,NA
http://purl.org/iow/WaterBudgetingFramework#CA,CA,http://purl.org/iow/WaterBudgetingFramework#LakeEvaporation-CA,Lake Evaporation-CA,NA,NA,NA,NA,NA,NA
http://purl.org/iow/WaterBudgetingFramework#CA,CA,http://purl.org/iow/WaterBudgetingFramework#LakeGainFromGroundwater-CA,Lake Gain from Groundwater-CA,NA,NA,NA,NA,NA,NA
http://purl.org/iow/WaterBudgetingFramework#CA,CA,http://purl.org/iow/WaterBudgetingFramework#LakeLossToGroundwater-CA,Lake Loss to Groundwater-CA,NA,NA,NA,NA,NA,NA
http://purl.org/iow/WaterBudgetingFramework#NM,NM,http://purl.org/iow/WaterBudgetingFramework#LandSurfaceExapotranspiration-NM,Land Surface Evapotranspiration-NM,NA,NA,NA,NA,NA,NA
http://purl.org/iow/WaterBudgetingFramework#NM,NM,http://purl.org/iow/WaterBudgetingFramework#LandSurfaceStock-NM,Land Surface Stock-NM,NA,NA,NA,NA,NA,NA
http://purl.org/iow/WaterBudgetingFramework#CO,CO,http://purl.org/iow/WaterBudgetingFramework#LivestockConsumptiveUse-CO,Livestock Consumptive Use-CO,http://purl.org/iow/WaterBudgetingFramework#COLivestockMethod,CO Livestock Method,http://purl.org/iow/WaterBudgetingFramework#AverageUseRate,Average Use Rate,http://purl.org/iow/WaterBudgetingFramework#MidwestPlanServiceStructuresAndEnvironmentalHandbook%2C1977,Midwest Plan Service Structures and Environmental Handbook, 1977
http://purl.org/iow/WaterBudgetingFramework#CO,CO,http://purl.org/iow/WaterBudgetingFramework#LivestockConsumptiveUse-CO,Livestock Consumptive Use-CO,http://purl.org/iow/WaterBudgetingFramework#COLivestockMethod,CO Livestock Method,http://purl.org/iow/WaterBudgetingFramework#LivestockCount,Livestock Count,http://purl.org/iow/WaterBudgetingFramework#StateAgriculturalStatistics,State Agricultural Statistics
http://purl.org/iow/WaterBudgetingFramework#CA,CA,http://purl.org/iow/WaterBudgetingFramework#ManagedAquiferRecharge-CA,Managed Aquifer Recharge-CA,NA,NA,NA,NA,NA,NA
http://purl.org/iow/WaterBudgetingFramework#CO,CO,http://purl.org/iow/WaterBudgetingFramework#MunicipalAndIndustrialConsumptiveUse-CO,Municipal and Industrial Consumptive Use-CO,http://purl.org/iow/WaterBudgetingFramework#COMunicipalAndIndustrialMethod,CO Municipal and Industrial Method,http://purl.org/iow/WaterBudgetingFramework#Population,Population,http://purl.org/iow/WaterBudgetingFramework#ColoradoCensusBureau,Colorado Census Bureau
http://purl.org/iow/WaterBudgetingFramework#UT,UT,http://purl.org/iow/WaterBudgetingFramework#MunicipalAndIndustrialDepeltion-UT,Municipal and Industrial Depeltion-UT,NA,NA,NA,NA,NA,NA
http://purl.org/iow/WaterBudgetingFramework#UT,UT,http://purl.org/iow/WaterBudgetingFramework#MunicipalAndIndustrialDiversions-UT,Municipal and Industrial Diversions-UT,NA,NA,NA,NA,NA,NA
http://purl.org/iow/WaterBudgetingFramework#UT,UT,http://purl.org/iow/WaterBudgetingFramework#MunicipalAndIndustrialReturnFlow-UT,Municipal and Industrial Return Flow-UT,NA,NA,NA,NA,NA,NA
http://purl.org/iow/WaterBudgetingFramework#CO,CO,http://purl.org/iow/WaterBudgetingFramework#NativeVegetationConsumptiveUse-CO,Native Vegetation Consumptive Use-CO,NA,NA,NA,NA,NA,NA
http://purl.org/iow/WaterBudgetingFramework#UT,UT,http://purl.org/iow/WaterBudgetingFramework#NaturalSystemUse-UT,Natural System Use-UT,NA,NA,NA,NA,NA,NA
http://purl.org/iow/WaterBudgetingFramework#CA,CA,http://purl.org/iow/WaterBudgetingFramework#Precipitation-CA,Precipitation-CA,NA,NA,NA,NA,NA,NA
http://purl.org/iow/WaterBudgetingFramework#CO,CO,http://purl.org/iow/WaterBudgetingFramework#Precipitation-CO,Precipitation-CO,NA,NA,NA,NA,NA,NA
http://purl.org/iow/WaterBudgetingFramework#NM,NM,http://purl.org/iow/WaterBudgetingFramework#Precipitation-NM,Precipitation-NM,NA,NA,NA,NA,NA,NA
http://purl.org/iow/WaterBudgetingFramework#UT,UT,http://purl.org/iow/WaterBudgetingFramework#Precipitation-UT,Precipitation-UT,NA,NA,NA,NA,NA,NA
http://purl.org/iow/WaterBudgetingFramework#CA,CA,http://purl.org/iow/WaterBudgetingFramework#PrecipitationOnLakes-CA,Precipitation on Lakes-CA,NA,NA,NA,NA,NA,NA
http://purl.org/iow/WaterBudgetingFramework#UT,UT,http://purl.org/iow/WaterBudgetingFramework#PumpedGroundwater-UT,Pumped Groundwater-UT,NA,NA,NA,NA,NA,NA
http://purl.org/iow/WaterBudgetingFramework#NM,NM,http://purl.org/iow/WaterBudgetingFramework#Recharge-NM,Recharge-NM,NA,NA,NA,NA,NA,NA
http://purl.org/iow/WaterBudgetingFramework#CA,CA,http://purl.org/iow/WaterBudgetingFramework#RechargeOfAppliedWater-CA,Recharge of Applied Water-CA,NA,NA,NA,NA,NA,NA
http://purl.org/iow/WaterBudgetingFramework#CA,CA,http://purl.org/iow/WaterBudgetingFramework#RechargeOfPrecipitation-CA,Recharge of Precipitation-CA,NA,NA,NA,NA,NA,NA
http://purl.org/iow/WaterBudgetingFramework#CA,CA,http://purl.org/iow/WaterBudgetingFramework#RecycledWaterExport-CA,Recycled Water Export-CA,NA,NA,NA,NA,NA,NA
http://purl.org/iow/WaterBudgetingFramework#CO,CO,http://purl.org/iow/WaterBudgetingFramework#ReservoirEvaporation-CO,Reservoir Evaporation-CO,NA,NA,NA,NA,NA,NA
http://purl.org/iow/WaterBudgetingFramework#UT,UT,http://purl.org/iow/WaterBudgetingFramework#ReservoirEvaporation-UT,Reservoir Evaporation-UT,NA,NA,NA,NA,NA,NA
http://purl.org/iow/WaterBudgetingFramework#CA,CA,http://purl.org/iow/WaterBudgetingFramework#ReturnFlow-CA,Return Flow-CA,NA,NA,NA,NA,NA,NA
http://purl.org/iow/WaterBudgetingFramework#NM,NM,http://purl.org/iow/WaterBudgetingFramework#RiparianConsumption-NM,Riparian Consumption-NM,NA,NA,NA,NA,NA,NA
http://purl.org/iow/WaterBudgetingFramework#UT,UT,http://purl.org/iow/WaterBudgetingFramework#RiparianDepletions-UT,Riparian Depletions-UT,NA,NA,NA,NA,NA,NA
http://purl.org/iow/WaterBudgetingFramework#NM,NM,http://purl.org/iow/WaterBudgetingFramework#RiverEvaporation-NM,River Evaporation-NM,NA,NA,NA,NA,NA,NA
http://purl.org/iow/WaterBudgetingFramework#UT,UT,http://purl.org/iow/WaterBudgetingFramework#RiverInflow-UT,River Inflow-UT,NA,NA,NA,NA,NA,NA
http://purl.org/iow/WaterBudgetingFramework#UT,UT,http://purl.org/iow/WaterBudgetingFramework#RiverUseByWetPasture-UT,River Use By Wet Pasture-UT,NA,NA,NA,NA,NA,NA
http://purl.org/iow/WaterBudgetingFramework#CA,CA,http://purl.org/iow/WaterBudgetingFramework#Runoff-CA,Runoff-CA,NA,NA,NA,NA,NA,NA
http://purl.org/iow/WaterBudgetingFramework#NM,NM,http://purl.org/iow/WaterBudgetingFramework#Runoff-NM,Runoff-NM,NA,NA,NA,NA,NA,NA
http://purl.org/iow/WaterBudgetingFramework#CA,CA,http://purl.org/iow/WaterBudgetingFramework#StoredWaterExport-CA,Stored Water Export-CA,NA,NA,NA,NA,NA,NA
http://purl.org/iow/WaterBudgetingFramework#CA,CA,http://purl.org/iow/WaterBudgetingFramework#StoredWaterExtraction-CA,Stored Water Extraction-CA,NA,NA,NA,NA,NA,NA
http://purl.org/iow/WaterBudgetingFramework#CA,CA,http://purl.org/iow/WaterBudgetingFramework#StreamEvaporation-CA,Stream Evaporation-CA,NA,NA,NA,NA,NA,NA
http://purl.org/iow/WaterBudgetingFramework#CA,CA,http://purl.org/iow/WaterBudgetingFramework#StreamGainFromGroundwater-CA,Stream Gain from Groundwater-CA,NA,NA,NA,NA,NA,NA
http://purl.org/iow/WaterBudgetingFramework#CA,CA,http://purl.org/iow/WaterBudgetingFramework#StreamInflow-CA,Stream Inflow-CA,NA,NA,NA,NA,NA,NA
http://purl.org/iow/WaterBudgetingFramework#CA,CA,http://purl.org/iow/WaterBudgetingFramework#StreamLossToGroundwater-CA,Stream Loss to Groundwater-CA,NA,NA,NA,NA,NA,NA
http://purl.org/iow/WaterBudgetingFramework#CA,CA,http://purl.org/iow/WaterBudgetingFramework#StreamOutfow-CA,Stream Outflow-CA,NA,NA,NA,NA,NA,NA
http://purl.org/iow/WaterBudgetingFramework#CA,CA,http://purl.org/iow/WaterBudgetingFramework#SubsurfaceInflow-CA,Subsurface Inflow-CA,NA,NA,NA,NA,NA,NA
http://purl.org/iow/WaterBudgetingFramework#CA,CA,http://purl.org/iow/WaterBudgetingFramework#SubsurfaceOutflow-CA,Subsurface Outflow-CA,NA,NA,NA,NA,NA,NA
http://purl.org/iow/WaterBudgetingFramework#UT,UT,http://purl.org/iow/WaterBudgetingFramework#SurfaceDiversionToCropland-UT,Surface Diversion to Cropland-UT,NA,NA,NA,NA,NA,NA
http://purl.org/iow/WaterBudgetingFramework#CA,CA,http://purl.org/iow/WaterBudgetingFramework#SurfaceWaterDelivery-CA,Surface Water Delivery-CA,NA,NA,NA,NA,NA,NA
http://purl.org/iow/WaterBudgetingFramework#CA,CA,http://purl.org/iow/WaterBudgetingFramework#SurfaceWaterDiversions-CA,Surface Water Diversions-CA,NA,NA,NA,NA,NA,NA
http://purl.org/iow/WaterBudgetingFramework#NM,NM,http://purl.org/iow/WaterBudgetingFramework#SurfaceWaterDiversions-NM,Surface Water Diversions-NM,NA,NA,NA,NA,NA,NA
http://purl.org/iow/WaterBudgetingFramework#CA,CA,http://purl.org/iow/WaterBudgetingFramework#SurfaceWaterExports-CA,Surface Water Exports-CA,NA,NA,NA,NA,NA,NA
http://purl.org/iow/WaterBudgetingFramework#UT,UT,http://purl.org/iow/WaterBudgetingFramework#SurfaceWaterFlows-UT,Surface Water Flows-UT,NA,NA,NA,NA,NA,NA
http://purl.org/iow/WaterBudgetingFramework#NM,NM,http://purl.org/iow/WaterBudgetingFramework#SurfaceWaterInflows-NM,Surface Water Inflows-NM,NA,NA,NA,NA,NA,NA
http://purl.org/iow/WaterBudgetingFramework#NM,NM,http://purl.org/iow/WaterBudgetingFramework#SurfaceWaterOutflows-NM,Surface Water Outflows-NM,NA,NA,NA,NA,NA,NA
http://purl.org/iow/WaterBudgetingFramework#NM,NM,http://purl.org/iow/WaterBudgetingFramework#SurfaceWaterReturns-NM,Surface Water Returns-NM,NA,NA,NA,NA,NA,NA
http://purl.org/iow/WaterBudgetingFramework#NM,NM,http://purl.org/iow/WaterBudgetingFramework#SurfaceWaterStock-NM,Surface Water Stock-NM,NA,NA,NA,NA,NA,NA
http://purl.org/iow/WaterBudgetingFramework#CA,CA,http://purl.org/iow/WaterBudgetingFramework#TotalGroundwaterSystemInflow-CA,Total Groundwater System Inflow-CA,NA,NA,NA,NA,NA,NA
http://purl.org/iow/WaterBudgetingFramework#CA,CA,http://purl.org/iow/WaterBudgetingFramework#TotalGroundwaterSystemOutflow-CA,Total Groundwater System Outflow-CA,NA,NA,NA,NA,NA,NA
http://purl.org/iow/WaterBudgetingFramework#CA,CA,http://purl.org/iow/WaterBudgetingFramework#TotalInflow-CA,Total Inflow-CA,NA,NA,NA,NA,NA,NA
http://purl.org/iow/WaterBudgetingFramework#UT,UT,http://purl.org/iow/WaterBudgetingFramework#TotalLandReturnFlow-UT,Total Land Return Flow-UT,NA,NA,NA,NA,NA,NA
http://purl.org/iow/WaterBudgetingFramework#CA,CA,http://purl.org/iow/WaterBudgetingFramework#TotalLandSystemInflow-CA,Total Land System Inflow-CA,NA,NA,NA,NA,NA,NA
http://purl.org/iow/WaterBudgetingFramework#CA,CA,http://purl.org/iow/WaterBudgetingFramework#TotalLandSystemOutflow-CA,Total Land System Outflow-CA,NA,NA,NA,NA,NA,NA
http://purl.org/iow/WaterBudgetingFramework#CA,CA,http://purl.org/iow/WaterBudgetingFramework#TotalOutflow-CA,Total Outflow-CA,NA,NA,NA,NA,NA,NA
http://purl.org/iow/WaterBudgetingFramework#CA,CA,http://purl.org/iow/WaterBudgetingFramework#TotalSurfaceWaterInflow-CA,Total Surface Water Inflow-CA,NA,NA,NA,NA,NA,NA
http://purl.org/iow/WaterBudgetingFramework#CA,CA,http://purl.org/iow/WaterBudgetingFramework#TotalSurfaceWaterOutflow-CA,Total Surface Water Outflow-CA,NA,NA,NA,NA,NA,NA
http://purl.org/iow/WaterBudgetingFramework#UT,UT,http://purl.org/iow/WaterBudgetingFramework#TributaryInflow-UT,Tributary Inflow-UT,NA,NA,NA,NA,NA,NA
http://purl.org/iow/WaterBudgetingFramework#CO,CO,http://purl.org/iow/WaterBudgetingFramework#UngagedSurfaceWaterInflow-CO,Ungaged Surface Water Inflow-CO,NA,NA,NA,NA,NA,NA
http://purl.org/iow/WaterBudgetingFramework#CA,CA,http://purl.org/iow/WaterBudgetingFramework#WaterReleaseCausedByLandSubsidence-CA,Water Release Caused by Land Subsidence-CA,NA,NA,NA,NA,NA,NA
